ID,Text,Labels,pred,Love
1,她们 都 睡 蹑手蹑脚 摸黑 上 床 凑 上 去 想 亲 嫣 一下 她 突然 一个 转身 小手 啪 地 搭 我的 脸颊 上 我便 被 施 魔法 似地 定 住 每次 抱 着 嫣 时候 总想 让 她 小手 搂 着 我的 脖子 可 她 总是 不肯 她 只 小手 指挥 着 我的 方向 指 着 她 感 兴趣 东西 一刻 也 不肯 停 闲,"Love,Joy","Love,Expect",Love
2,现在 好 终于 如愿以偿,Joy,Joy,Love
3,感受 着 小手 温度 享受 着 这份 她 对 我的 依恋 生怕 动 一下 会 让 她 小手 离 而 去,"Love,Joy,Anxiety",Love,Love
4,望 一眼 背 身 而 卧 妻 如果 她 知道 我的 想法 一定 又 会 那 句 ： 切 又 自作 多 情,"Love,Anxiety","Love,Expect",unLove
5,眼睛 逐渐 适应 周围 黑暗 借 着 床头 热 奶 器 上 桔红色 指示灯 微弱 光线 慢慢 能 看见 她们 轮廓 能 听见 她们 呼吸 天 疲惫 瞬间 不再 难得 一刻 清静,"Love,Joy",Joy,Love
6,这 年 大半 时间 在为 基金会 忙碌 着 以致于 友人 问 怎么 真是 改行 做 慈善 我也 只 能 笑笑,Sorrow,"Anxiety,Sorrow",unLove
7,其实 无论 从 我的 财富 积累 还是 从 我的 人生 阶段 来讲 都 还 没 那 步 一切 只是 因为 这 偶然性 事件 罢了,Sorrow,,unLove
8,既然 做 就 尽力 去 做好 吧,Expect,Expect,Love
9,接受 和 面对 生活 给予 一切 无论 成功 或是 失败 无论 鲜花 或是 鸡蛋,"Expect,Love","Love,Joy,Expect",Love
10,我希望 嫣 儿 长大 可以 成为 这样 人,Expect,Expect,Love
11,感受 他们 对 这个 社会 宽容 和 感恩,"Love,Joy","Love,Joy",Love
12,他 她 们 承受 却 不 抱怨 但 又决 不 麻木,Love,Love,unLove
13,因为 他 她 们 得到 一点点 帮助 时候 他 她 们 眼睛 湿润 尽管 说 不 出 什么 言辞,"Love,Joy","Love,Joy",Love
14,他 她 们 着 人 身上 最 原始 韧性 和 最 纯朴 情感,Love,Love,Love
15,我希望 嫣 儿 长大 可以 成为 这样 人,Expect,"Love,Expect",Love
16,美国 医生 说 ： Ｉｔ ’ ｓ　ｍｅ ． 翻译 笑着 解释 这 他 自信 一个 外科 医生 必须 有的 自信 否则 他 怎么 下刀 呢,"Love,Joy","Love,Joy",Love
17,一个 外科 医生 自信 说 得 好 我希望 嫣 儿 长大 可以 成为 这样 人,"Expect,Love","Love,Expect",Love
18,热 奶 器 指示灯 给 嫣 儿 笼 上 层 桔红 光芒 她 睡 得 如此 香甜 她 是否 知道 这 自作 多情 老爸 对 她 如此 多 希望 呢,"Love,Expect,Joy","Love,Expect",Love
19,最近 读 王 朔 老师 致 女儿 书 便 也 学 着 写篇 致 女儿 博客 吧 以后 再多 写些 汇 成册 等 她 长大 送给 她 读,"Love,Expect","Love,Expect",Love
20,这 一个 温馨 祥和 欢聚 宴 这将 又 一个 兴奋 激动 不眠之夜,"Joy,Love","Love,Joy",Love
21,来自 海外 各 团体 代表 欧 美 同学会 中国 留学 人员 联谊会 旗帜 下 出席 第三 届 海外 留学 人员 团体 负责人 代表 座谈会 相聚 北京 交流 经验 互 述 衷 畅 切磋 学艺 深化 情谊,"Joy,Love","Love,Joy",Love
22,此 代表 全 日本 中国 人 博士 协会 也 代表 全体 留日 学人 向 主持 筹备 该 座谈会 付出 辛劳 各位 学长 和 朋友 表示 最 衷心 感谢,"Love,Joy","Love,Joy",Love
23,同时 也 对 来自 远方 赴 会 各位 同 士 各位 学长 各位 朋友 致以 最 良好 问候,"Love,Joy","Love,Joy",Love
24,站 这个 讲台 上 周 恩来 学长 那 首 气势磅礴 诗篇 大江 歌 罢 掉头 东 就 不由自主 地 回旋 耳,Love,"Love,Joy",Love
25,日 转 星 移 沧海桑田,Joy,Sorrow,unLove
26,此 很 自豪 地 向 各位 学长 汇报 包括 留学 人员 内 ６５万 日 华侨 华人 学 得 很 认真 干 得 很 出色,"Joy,Love",Joy,Love
27,留 日 学人 社团 活跃 开展 活动 多姿 多样,"Love,Joy","Love,Joy",Love
28,于 １９９６年 ７月 成立 全 日本 中国 人 博士 协会 由 日本 取得 博士 学位 并 活跃 于 大学 研究 开发 机构 优秀 留学 人员 所 组成,Love,Love,Love
29,其 宗旨 为 务实 架桥 创新 贡献,"Love,Joy,Expect","Love,Expect",Love
30,架 四 座 桥 ： 留学 人员 与 中国 间 留学 人员 与 日本 间 中国 与 日本 间 留学 人员 与 留学 人员 间 桥梁,Expect,Love,Love
31,因此 会员 既 架 桥工 亦 为 过 桥 人 博 协 为 广大 留学 人员 创造 一个 回国 服务 良好 环境,"Love,Expect","Love,Expect",Love
32,其 成果 包括 会员 成为 兼职 教授 长江 学者 百 人 计划 亦有 创办 高新产业 佼佼者,"Joy,Love","Love,Joy",Love
33,另外 支持 为 国 服务 博 协 又 大 项目,Love,"Love,Joy",Love
34,博 协 很 自豪 地 获得 科技部 教育部 首 届 春晖 竞赛 杯 优秀 海外 协 赞 单位 称号,Joy,Joy,Love
35,提高 会员 学术 地位 社会 地位 博 协 主要 目标 之一,Expect,Expect,Love
36,每年 度 全 日本 中国 人 博士 协会 年会 已经 成为 一个 品牌,"Love,Joy",Love,Love
37,年会 单 年 中国 双 年 日本 召开 它 已经 成 博 协 一个 岁岁 期盼 节目,"Love,Joy,Expect","Love,Expect",Love
38,由于 博 协 性质 成功 地 协助 创办 杂志 编纂 科技 前沿 主办 国际 会议,Joy,"Love,Joy",Love
39,这里 特别 提及 由 江苏省 人民政府 与 全 日本 中国 人 博士 协会 承办 中国 驻 日本 大使馆 日本 新华 侨 华人 会 日 中国 科学技术 者 联盟 日本 江苏 发展 促进会 全 日本 中国 留学 人员 友好 联谊会 协办 百 名 留 日 博士 江苏 行,Love,"Love,Joy",Love
40,在这里 怀着 多年 难得 激动 来 描述 百 名 留 日 博士 江苏 行 情景 ：,"Joy,Love","Love,Joy",Love
41,既 飘逸 着 传统 文化 汉风 吴 韵 绚丽 华彩 又 充满 着 时尚 潮流 先端 前沿 现代 气息 江苏 ８月 １４日 以来 由于 １２３ 名 留 日 博士 江苏 行 江苏 大地 沉浸 激情 而 带有 经验 奇想 而 富有 知识 种 难以 言表 热烈 氛围,"Love,Joy","Love,Joy",Love
42,印有 百 名 博士 江苏 行 标志 雪白 村 衫 灿烂 阳光 辉映 下 构成 近日来 江苏省 内 道 亮丽 风景,"Love,Joy",Love,Love
43,南京 连云港 南通 金碧辉煌 酒店 论坛 随时 传出 博 协会 员 精彩 演讲 ； 通州 扬州 无锡 庄严 肃穆 政府 厅舍 项目 对接 签约 仪式 上 辉映 着 博 协会 员 身影 ； 江阴 张家港 太仓 昆山 多少 博 协 科研 成果 多少 博 协会 员 奇迹 传扬,"Love,Joy","Love,Joy",Love
44,我不 善 长 写 诗赋 词 但 我愿 用 几 奇妙 汉字 来 描述 日 华侨 华人 就 ： 富士山 下 勤学 东瀛 国 里 逞 雄,"Love,Joy","Love,Expect",Love
45,各位 学长 在这里 请 允许 引用 ２００４年 ６月 １３日 我在 全 日本 中国 人 博士 协会 会馆 开馆 典礼 上 致词 一段话 来 概括 博 协 方向 ：,Expect,"Love,Expect",抱歉，我无法对文本进行分类，因为我无法判断该文本的情绪。我只能根据文本内容对其进行情感分析，并根据分析结果对文本进行分类。如果你有其他问题，我很乐意提供帮助。
46,中国 人 对 世界 做出 更 大 贡献 这 中国 人 当然 包括 华侨 华人 及 海外 留学 人员,Expect,"Love,Expect",Love
47,因此在 架桥 · 牵线 同时 今后 更 积极 投身 参与 所在国 科技 · 文化 · 经济 乃至 政治,Expect,Expect,Love
48,这 不仅仅 争取 权利 更 义不容辞 义务 和 责任,Expect,Expect,unLove
49,可以 断言 成批 中国 人 科学家 专家 教授 艺术家 ＣＥＯ 出现 杰出 华人 议员 校长 州长 乃至 总统 产生 就 中国 人 对 世界 贡献,"Joy,Expect",Love,Love
50,当然 强调 多数 留学 人员 回到 祖国 兢兢业业 复兴 伟大 中华 民族 繁荣 九百六十万 平方公里 华夏 富强 十三亿五千万 炎黄 更 中国 人 对 人类 贡献,"Love,Joy,Expect","Love,Joy,Expect",Love
51,各位 学长 经过 ９３ 载 岁月 考验 欧 美 同学会 海外 华侨 华人 社团 娘家 也 旅居 海外 会员 温馨 家园,Love,"Love,Joy",Love
52,她 所 倡导 科学 民主 精神 至今 仍 具有 现实 意义 和 实用 价值,"Love,Joy",Love,Love
53,修学 游艺 敦 谊 励行 办 会 宗旨 经得起 风霜 雪 雨 洗礼,"Joy,Love","Love,Expect",Love
54,再过 １０７ 年 或许 再过 ５７ 年 或许 只再 过 ７ 年 当 她 １００ 周岁 之时 会 发现 世界 上 没有 那个 组织 象 欧 美 同学会 那样 其 会员 地理 分布 阔 其 会员 专业 领域 分布 广 对 中国 崛起 贡献 大 对 振兴 科学 创新 多,"Love,Joy,Expect","Love,Joy",Love
55,当前 知识化 信息化 浪潮 如 疾风 骤雨 般地 改变 着 人类 生活 生存 方式,Joy,Anxiety,Love
56,人类 有史 以来 第一 次 面对 这样 现实 那 就 你 可以 任何 时间 任何 地点 与 你 所 希望 交流 人 进行 通讯,Joy,Joy,Love
57,这 信息化 社会 基础 这也 智能化 社会 根基,Love,Love,Love
58,一个 充满 和谐 洋溢 互爱 信息 智能 社会 犹如 东方 已 见 晨曦 那 轮 即将 磅礴 而 出 朝阳 亦 象 那 踹 动 于 母 腹中 快要 成熟 婴儿,"Love,Joy","Love,Joy,Expect",Love
59,这样 一个 伟大 变革 进程 包括 海外 留学 人员 团体 欧 美 同学会 中国 留学 人员 联谊会 应该 大有作为 必将 大有作为,"Expect,Love,Joy","Joy,Expect",Love
60,谢谢,"Joy,Love",Joy,Love
61,路程 不 长 可 发生 系列 事情 呵呵 连续剧 哦 ￣￣,Joy,Joy,unLove
62,那 人 就 说 那 你 等 我会 司机 说 你 等 下一 班车 吧 那 人 就 不 肯 下 车 司机 就 不 肯 开车 就 这样 僵持 着,"Anxiety,Hate",Anxiety,unLove
63,帮 你 投 吧,Expect,Expect,unLove
64,他 连声 道谢 淡淡 一笑 坐 回 位置,"Joy,Love",Joy,Love
65,车 人 静静 注视 着 惊讶 不解 或者 不屑,"Surprise,Hate","Anxiety,Surprise",unLove
66,谁 错 呢,"Anxiety,Expect,Surprise",Anxiety,unLove
67,好像 都 没有 错,Love,Joy,unLove
68,司机 的确 有权 要求 乘客 投币 才 能 坐 车 ； 中年人 手 里 明明 拿 着 钱 但 需要 找钱 ； 和 他 起 上车 呢 也 上车 就 投币 很 正常,"Anxiety,Expect",Love,unLove
69,其实 这 事 很 好 解决 啊 只要 大家 多 一点点 热情 就 可以 解决,"Expect,Love",Joy,Love
70,司机 可以 提醒 他 说 ： 你 投 十 元 进去 就 门口 等 别人 投币 时 直接 给 你 就 行了,"Expect,Love",Expect,Love
71,可是 她 没有 提醒 他 ； 而 他 呢 也 不 早 点 准备好 零钱 明知 道 投币 而且 不 能 找 钱 知道 没有 零钱 呢 应该 上车 前 就 和 大家 商量 好 把 准备 投 硬币 给 他 由 他 一个 人 投 进 十 元 就 可以 ； 和 他 起 上车 人 呢 也 可以 主动 帮助 他 把 准备 投 钱 给 他,"Expect,Hate",Expect,unLove
72,要是 这样 大家 都 能 多 一点 热心 就 不至于象这样 大家 僵持 着,"Expect,Anxiety,Hate","Joy,Expect",unLove
73,唉 冷漠 啊 多 事 不如 少 事 啊,"Hate,Anxiety,Sorrow","Anxiety,Sorrow",unLove
74,可是 帮 他 投 一元 钱 又 能 什么 事 呢,Anxiety,Anxiety,unLove
75,也许 人家 会 心里 想 这个 人 脑子 又 问题 白白 扔 一元 钱 也许 有人 在想 这个 人 心眼 倒是 挺 好 也许 有人 会 想 哼 这 人 臭 显摆 出风头 呗 可是 可是 呵呵 不管 人家 怎么想 我不 就 少 一元 钱 吗,"Joy,Hate",Joy,unLove
76,我还 少 什么,Anxiety,,unLove
77,呵呵 没有 其实 根本 就 不 知道 别人 在想 什么 也许 别人 什么 都 没有 想,"Joy,Anxiety",Joy,unLove
78,但 知道 那个 中年人 很 感激 就 事 这么 简单,Joy,"Love,Joy",Love
79,车 继续 行驶 着 下一 站 倒 没有人 下车 只 上车 很 多 老太 站 起来 请 其中 老太 坐下 另 一个 就 没有人 站 起来 尽管 好 几 帅哥 美 眉 却 安心 地 看着 窗外,"Hate,Sorrow","Love,Joy",Love
80,奈何,"Anxiety,Hate","Anxiety,Sorrow",unLove
81,无奈 也,"Sorrow,Anxiety,Hate","Anxiety,Sorrow",unLove
82,车 继续 行驶 下一 站 又 到站 上来 身怀六甲 孕妇 让 坐 老太 赶紧 站 起来 让 孕妇 坐下来 呵呵 感动 还 孕妇 或者 还有 更 多 人 都 被 感动 着,"Joy,Love","Love,Joy",Love
83,那位 没有 零钱 中年人 站 起来 让座,Joy,Expect,unLove
84,终于 帅哥 站 起来 让 刚 上车 一个 老大爷 坐下,Joy,Love,Love
85,呵呵 笑了,Joy,Joy,Love
86,这才 我最 开心 时候,Joy,Joy,Love
87,车 还 继续 行驶 着 可是 司机 语气 明显 热情 缓和 车 里 年轻人 站 起来 多 那个 中年人 临 下车 还 不 忘 对 再次 说 声 谢谢,"Joy,Love","Love,Joy",Love
88,呵呵 其实 每个 人 都 只是 付出 那么 一点点 热情 和 关爱 这个 小小的 车厢 就 变 得 温馨 起来,"Joy,Love","Love,Joy",Love
89,今天 这 辆 车上 所有人 一定 会 好心 情,"Joy,Expect","Love,Expect",Love
90,爱 会 继续 传递,"Expect,Joy","Love,Expect",Love
91,呵呵 　　 短短的 快乐 之旅,"Joy,Love",Joy,Love
92,金 妍 儿 和 浅 田 真 央 此前 历史 上 总共有 过 ８ 次 交锋 金 妍 儿 ３ 胜 ５ 负 处于 一定 劣势 特别 ２００８年 世锦赛 和 总 决赛 连败 让 人们 开始 怀疑 她 竞争力 至少 从 跳跃 难度 上 看 浅 田 真 央 历史 上 最 具 实力 选手,"Anxiety,Sorrow",Love,Love
93,不过 金 妍 儿 新 赛季 学会 韬光养晦 身体 状态 积蓄 今年 二 三月 爆发 从而 彻底 改变 以往 半 赛季 力不从心 尴尬,"Love,Anxiety",Joy,unLove
94,金 妍 儿 新 赛季 短 节目 骷髅 之舞 法国 著名 作曲家 圣桑 根据 首 奇怪 诗歌 写成 这段 阴阳怪气 恐怖 颤栗 音乐 极 难 驾驭 既 演绎 出 骷髅 狂欢 又 表达 出 墓地 寂静,"Anxiety,Hate",Love,Love
95,而 金 妍 儿 天才 就 体现在 对 音乐 理解 和 拿 捏 全套 节目 八 动作 天衣无缝 水银 泻地 饱满 而 充满 激情 一口气 滑 下来 毫不费力 这 曲 震撼 心灵 死亡 之舞 为 她 赢得 ７２．２４ 分 而 历史 上 还 从来 没有 人 能 跨过 ７２ 分 关口,"Love,Surprise","Love,Joy",Love
96,金 妍 儿 规定 动作 短 节目 比赛 里 着 优良 传统 早在　２００７ 世锦赛 她 就 凭借 优美 典雅 红 磨坊 赢得 ７１．９５ 分 打破 都 灵 冬奥会 亚军 美国 名将 科恩 保持 短 节目 最高 分 纪录 ７１．１２ 分,Love,"Love,Joy",Love
97,这也 充满 显示 金 妍 儿 扎实 基本功 和 唯美 艺术 表现 她 可能 没有 浅 田 真 央 那种 自由滑 动辄 三 周 半 火星 跳跃 但 其 由 内 向 外 气质 和 底蕴 却 独一无二,Love,Love,Love
98,据 金 妍 儿 教练 加拿大花滑名宿布莱恩－奥塞尔爆料 金 妍 儿 近来 身体 力量 提高 甚 快 尤其 双 腿 弹跳 显著 增强 在做 阿克谢尔跳时金妍儿 垂直 跳跃 高度 可以 达到　６５ 厘米 而 ＮＢＡ 著名 球星 加内特 垂直 跳跃 高度 也 仅仅 ８９ 厘米,"Love,Surprise",Joy,Love
99,金 妍 儿 至今 还 保持 着 自由滑 １３３．７０ 分 世界 纪录 如果 接 下 来 比赛 里 她 能 延续 目前 尚佳 状态 那么 很 可能 成为 历史 上 总分 首位 超过 ２００ 女子 单人滑 选手,"Expect,Love","Love,Joy,Expect",Love
100,与 金 妍 儿 春风得意 形成 鲜明 反差 卫冕 冠军 浅 田 真 央 不 跳空 就 转身 这位 跳跃 女王 最 擅长 环节 破绽 频 出 重蹈 去年 法国 站 大奖赛 覆辙 而 ５７．８６ 分 排名 第六 也 创造 浅 田 真 央 排名 新低 自从 转入 成年组 以来 她 还 从来 没有 名次 排 得 这么 靠,Hate,"Love,Joy",unLove
101,尽管 浅 田 真 央 ０７ ０８ 世锦赛 和 ０８ 总 决赛 都 自由滑 上演 过 逆转 金 妍 儿 好戏 但 此 一时 彼 一时 如今 悬念 已经 不 金 妍 儿 能否 夺冠 而是 这位 职业 生涯 首次 参加 四 大 洲 赛 韩国 姑娘 可不可以 突破 前无古人 ２００ 分 大关,"Expect,Love",Love,Love
102,奥林匹亚 圣火 之所以 神圣 与 普罗米修斯 偷盗 天火 故事 息息相关 他 象征 着 对 一切 过去 偏 狭 自满 不 屈 即便 众 神 神 宙斯 也不是 不可 冒犯,"Love,Hate",Love,Love
103,同一 世界 同一 梦想 北京 奥运 传承 希腊 神话 里 普罗米修斯 勇敢 和 无私 现代 奥运会 会 因为 中国 进行 而 显得 与众不同,Love,"Love,Joy,Expect",Love
104,中国 传统 天 人 合一 思想 体现 人 与 自然 人 与 人 之间 和谐 相处 中国 文化 从 某种 程度 上 也 与 现代 奥林匹克 精神 完全 契合,Love,"Love,Joy",Love
105,古 希腊 纷乱 战争 一旦 有人 从 祭坛 点燃 火炬 奔赴 各个 城邦 所有 交战 士兵 都 放下 武器 圣火 面前 人们 忘记 仇恨 偏见 和 战争,"Love,Hate","Love,Joy",Love
106,毫无疑问 北京 奥运 会 与 政治 和 隔膜 离 最 远 届 盛事 这里 人们 只 更 高 更 快 更 强 追求,"Expect,Love","Love,Expect",Love
107,柏林 奥运会 一度 成为 希特勒 纳粹 德国 表演 舞台 莫斯科 和 洛杉矶 奥运会 成为 苏 美 超级大国 冷战 牺牲品 只 北京 奥运会 完全 超出 现实 里 种种 不堪 不管 哪个 国家 哪个 地区 持 什么 信仰 人们 都 会 ０８ 奥运 上 得到 礼遇,"Love,Hate,Sorrow","Love,Sorrow",Love
108,这 正是 大公无私 普罗米修斯 不 计 个人 得失 为 人类 窃取 火种 精神,Love,Hate,Love
109,希腊 神话 里 大力神赫拉克勒斯 出于 义愤 解救 被 宙斯 困于 高加索 山上 忍受 鹰 啄 剧痛 普罗米修斯,"Sorrow,Joy","Love,Joy",Love
110,而 北京 奥运 恰似 那 力 大 无边 大力神 这将 史 以来 最 纯洁 最 浩大 奥运会 没有 战争 没有 攻击 没有 西方 寡头 贪婪 和 压制,Love,"Love,Joy",Love
111,所有 中国 人 都 体会 东道主 荣耀 和 责任 他们 急切 关注 着 希腊 进行 采 火 仪式,"Love,Expect","Love,Expect",Love
112,奥林匹克 运动 宗旨 不仅仅 促进 参与者 个人 发展 和 提高 而是 像 可以 燎原 火种 承担 着 巨大 历史 使命 和 社会 责任,Love,"Love,Expect",Love
113,奥林匹克 精神 增进 不同 国家 不同 民族 和 不同 文化 了解 和 沟通 中国 会 肩负 起 神圣 使命 除了 体育 竞技 本身 还要 把 光明 和 欢乐 和平 和 友谊 散播 地球 每 一个 角落,"Love,Expect","Love,Joy,Expect",Love
114,普罗米修斯 火种 注定 点燃 １３亿 中国 人民 内心 激情 奥林匹克 思想 会 得到 最 深刻 最 广泛 弘扬,"Joy,Love","Love,Joy,Expect",Love
115,火种 会 经历 世界 各地 和 大半 中国 甚至 还要 登顶 珠穆朗玛峰 屋脊 北京 奥运会 必将 成为 历史 影响 最 深远 届 奥运会,Love,"Joy,Expect",Love
116,有些 国家 把 奥运 看成 商机 有些 国家 把 奥运 视作 作秀 而 北京 奥运 高举 绿色 奥运 科技 奥运 和 人文 奥运 大旗 会 真正 意义 上 让 普罗米修斯 火种 熠熠生辉,Love,"Love,Joy,Expect",Love
117,一直 对 劝酒 没有 太 多 思考 人家说 盛情 算是 吧,Love,"Love,Joy",unLove
118,物质 匮乏 时 酒 好 东西 舍不得 管 客 喝 够,Love,Hate,unLove
119,可是 如今 物阜 民丰 酒食 充盈 这个 理由 不再 成立 只剩 虚无 感情,"Hate,Love","Joy,Sorrow",unLove
120,酒精 似乎 成 液化 友谊,Hate,Love,unLove
121,其 实是 说谎 初次 见面 谈 何 感情 无话可 说 以 酒 充数,Hate,,unLove
122,十几 年 前 少不更事 不时 烂 醉 数 年 前 带队 采访 为 保护 记者 舍身 求 醉 如今 明白 些个 道理 便 已有 数年 逃 醉,"Anxiety,Sorrow",Love,unLove
123,那些 白酒 即使 真的 好 酒 也 已 无兴趣,Hate,Sorrow,unLove
124,今天 中午 食堂 与 同事 说起 春节 喝酒 一想 很多 人 为何 使劲 劝酒 呢,Anxiety,Anxiety,unLove
125,原因 很 深刻 ： 他们 漠视 人 基本 权利 —— 生命权,Hate,"Anxiety,Sorrow",unLove
126,酒 即使 真的 过多 饮 用 也 会 对 肝 对 心脏 对 大脑 等 器官 造成 严重 损害 最后 即 夺 人 性命,Hate,"Anxiety,Sorrow",unLove
127,演员 牛 振华 醉酒 驾车 发生 交通 事故 死亡 醉酒 驾车 导致 他人 死亡 醉 酒 超速 驾驶 司机 死亡 呕吐物 堵塞 呼吸道 醉酒 男子 窒息 死亡 五 男子 劝酒 过度 致 年迈 工友 死亡 饮酒 过度 死亡 劝酒 同伴 赔偿 参加 婚宴 醉 酒 死亡 新人 酒店 都 成 被告 顾客 咖啡店 醉 酒 死亡 店主 因 劝酒 受审 ５ 人 频频 劝酒 致 酒友 死亡 遭 索赔 １７万 …… 随便 搜索 一下 就 得到 这些 报道,"Sorrow,Hate",Sorrow,unLove
128,都 害人 性命 份 上 还有 感情 可言 吗,Hate,"Hate,Anger",unLove
129,明明 知道 何以 害人,Hate,Anxiety,unLove
130,对 人家 生命 对 生命 都 未 放在 心上 啊,Sorrow,"Anxiety,Sorrow",unLove
131,你 不 命 你 牛 何以 拉 上 人家 垫 背 陪 命,Hate,Anger,unLove
132,不仅 不 文明 不人道 非人性 啊,Hate,"Hate,Anger",unLove
133,数字 说 我国 每年 酒精 中毒 人数 超过 １０００万 人 因 酗酒 肇事 立案 高 达 ４００万 起,Hate,"Anxiety,Hate",unLove
134,全国 每年 １０万 人 死 于 车祸 而 １／３ 以上 交通 事故 发生 与 酗酒 及 酒后 驾车 有关,"Hate,Sorrow","Anxiety,Hate",unLove
135,以 劝酒 ＋ 漠视 搜索 发现 有人 博客 签名 说 ： 中国 人 最 坏 习惯 就 劝酒 背后 隐藏 对 个人 权利 最 大 漠视 还 打 着 感情 与 耿直 幌子,Hate,Hate,unLove
136,哈 知音 啊,"Joy,Love","Love,Joy",unLove
137,哪里 只是 陋习 恶习 啊,Hate,Hate,unLove
138,以 酒 助兴 过 则 败德,Hate,,unLove
139,觥筹 无知 盛馔 无辜 劝 者 无良 醉 者 呜呼,"Hate,Sorrow","Sorrow,Hate",unLove
140,日前 ２００９年 春 晚 总 策划 秦 新民 表示 主题 定 为 中华 大 联欢 春 晚 大胆 创新,Love,"Love,Expect",Love
141,还有 小品 今年 不但 引入 新人 还 向 多 影视 明星 发出 邀请 不但 您 笑 而且 让 您 感到 新鲜,"Love,Expect","Love,Joy",Love
142,看到 秦 新民 策划 创意 感到 很 失望 因为 秦 新民 很 可能 把 即将 过去 ２００８年 完全 当成 极其 普通 年 看待,Sorrow,Love,unLove
143,因 此 所谓 中华 大 联欢 主题 也 不会 新鲜 哪里 去 ： 除了 嘈杂 奢华 和 无聊 笑声 不 会 太 多 东西,Anxiety,"Love,Joy",unLove
144,事实上 ２００８年 不 应该 用 这些 元素 来 表现 甚至 代替,Anxiety,,unLove
145,笔者 看来 ２００９年 春 晚 应该 多 一点 纪念 少 一些 奢华 和 无聊 笑声,"Expect,Anxiety","Love,Expect",unLove
146,谁 也 不 能 否认 ２００８年 经历 太 多 对此 不 能 回避 不 能 漠视 ； 每 一个 人 都 必须 承认 ２００８年 承受 太 多 所以 需要 思考 需要 纪念,Sorrow,Expect,Love
147,不 能 忘记 奥运 成功 举办 喜悦 但 更 不 能 忘记 汶川 地震 悲痛 ； 固然 需要 新年 喜庆 可 不 忘 还有 很多 人 承受 金融 风暴 寒冬,"Sorrow,Anxiety,Joy",Sorrow,unLove
148,大红大绿 大 紫 大 黄 色彩 还是 去掉 一些 吧 因为 ２００８ 太 多 哀伤 不 能 无数 家庭 伤口 还 滴血 时候 狂欢,Sorrow,"Love,Joy,Sorrow",unLove
149,那么 红色 来 一点 素淡 颜色 如何,Expect,"Love,Expect",Love
150,刻意 做 作 无聊 无赖 笑料 还是 少 一点 吧 因为 ２００８ 一个 伟大 年头 不 能 显 太 浅薄,"Anxiety,Love,Expect",Hate,unLove
151,那么 让 静 静 多 一些 肃穆 岂不 更 好,"Expect,Love,Sorrow","Love,Expect",unLove
152,诚然 中华 大 联欢 这个 主题 很 宏大 但 歌舞升平 味道 过于 浓厚 ２００８年 面前 显得 有些 俗气 用 一个 俗气 主题 去 展现 一个 特殊 年份 在我 看来 着实 有些 荒诞,"Hate,Love",Hate,unLove
153,目前 取消 春 晚 几乎 不 可能 但 把 它 办 简单 一点 严肃 一点 纪念 意义 强 点 应该 可行 并且 效果 会 更 好,Expect,"Love,Joy,Expect",Love
154,谁 说 春 晚 必须 笑声,Anxiety,"Love,Expect",unLove
155,点 淡淡的 哀伤 飘 着 些许 泪花 春 晚会 让 更 多 人 记住 会 符合 更 多 人 意愿,"Sorrow,Expect","Love,Expect",unLove
156,所以 让 ２００９年 春 晚 多 一点 纪念 少 一些 奢华 和 无聊 笑声 吧,"Anxiety,Expect","Love,Expect",unLove
157,相信 这 很多 人 愿望,Expect,Expect,Love
158,目前 第二 次 鸦片 战争 时期 流失 海外 圆明园 十二生肖 兽 首 铜像 已经 回归 五 件 分别 ： 牛 首 猴 首 虎 首 猪 首 和 马首,"Hate,Joy",Sorrow,Love
159,根据 佳士得 公司 现在 市场 估价 鼠 首 和 兔 首 总价 可能 会 被 拍卖 高 达 ２亿 元 人民币,Surprise,Expect,Love
160,２亿 这个 数字 已经 无异于 掠夺,Anger,"Hate,Anger",unLove
161,我想 这 ２亿 天价 圆明园 兽 首 铜像 不要 也罢,Anger,Sorrow,unLove
162,包括 兽 首 铜像 在内 很多 文物 本来 就 家里 只不过 被 几 强盗 抢走 现在 又 花 大 价钱 来 买 这 于 情 于 理 都 无法 说得过去,"Anger,Hate",Sorrow,unLove
163,以前 买 因为 尊重 那些 收藏家 利益 因为 众多 华人 片 拳拳 爱国 心,Love,Love,Love
164,现在 既然 有人 借 中国 人 这种 心理 囤积居奇 哄抬 物价 那 何必 明知 圈套 还要 往 里 迈 呢,"Anger,Hate","Anxiety,Hate",unLove
165,事实上 如果 没有 中国 买家 出现 那些 拍卖 很 难 卖 出 太 高 价钱 即便 也 不过 诱惑 中国 人 一个 幌子 而已,Hate,Hate,unLove
166,让 十二生肖 兽 首 铜像 团圆 固然 可喜 但 被 人 掠夺 滋味 并 不 好受 如果 以 数 以亿计 代价 来 换取 那种 团圆 那 其中 文化 内涵 也 就 没有 意义 重温 历史 也 就 变 滋味,"Hate,Love","Sorrow,Expect,Hate",unLove
167,由此 看 让 十二生肖 以 种 残缺 姿态 出现 国人 面前 反而 更 有价值,"Love,Expect,Sorrow","Love,Joy",Love
168,这 残缺 历史 会 告诉 每 一个 中国 人 ： 本来 完整 现在 却 被 人为 隔离,"Sorrow,Hate",Sorrow,unLove
169,我想 这样 教育 意义 或许 更 大 吧,Expect,"Love,Expect",unLove
170,希腊 政府 多 年 来 致力 于 追讨 收藏 于 大英 博物馆 希腊 巴 台 农 神庙 大理石 雕塑 这 雕塑 如果 用钱 去 买 话 恐怕 无法 想象,Anxiety,Love,Love
171,需要 回归 文物 还有 很多 如果 这次 真的 花 ２亿 天价 买 回 圆明园 兽 首 铜像 那 其他 文物 还 能 买 得 起 吗,Anxiety,Expect,unLove
172,所以 ２亿 天价 圆明园 兽 首 铜像 不要 也罢,Anger,Sorrow,unLove
173,并且 还要 以 此 为 戒 ： 可以 没有 历史 文物 但 必须 历史 和 尊严,Anxiety,Expect,Love
174,微软 正版 验证 中国 掀起 场 巨大 风波 此时 种 不祥 预感 ： 　 微软 做法 不 威胁 中国 国家 安全,"Anxiety,Hate","Joy,Expect",unLove
175,１０月　２３日 微软 公司 发表 关于 Ｗｉｎｄｏｗｓ 和 Ｏｆｆｉｃｅ 正版 增值 计划 致 用户 公开信 信 第三 点 这样 说 ： ３ ． 　 该 计划 不 影响 计算机 任何 功能性 使用 　 所谓 黑屏 指 那些 自愿 参加 该 计划 但 未通 过 验证 电脑 即 安装 盗版 Ｗｉｎｄｏｗｓ　ＸＰ专业版 电脑 桌面 背景 自动 变更 为 黑色,Hate,Hate,Love
176,更为 微妙 微软 正版 验证 只 针对 专业版 Ｘ Ｐ 并 没有 针对 ＨＯＭＥＸＰ 即 家庭 版 Ｘ Ｐ 而 专业版 ＸＰ则 基本 政府 部门 采用 版本,Surprise,Love,unLove
177,也 就 说 相当 一部分 政府 部门 电脑 微软 正版 验证 范围 内,Anxiety,Joy,unLove
178,由于 中国 政府 政府 采购 电脑 必须 预装 正版 系统 规定 所以 那些 安装 专业版 ＸＰ的 政府 电脑 基本上 正版 因为 正版 所以 基本上 所有 政府 Ｘ Ｐ 系统 都 会 很 放心 打开 系统 自动 更新 参加 微软 正版 验证 计划,Joy,"Love,Joy,Expect",Love
179,那么 也 就 说 中国 政府 部门 绝大 部分 电脑 都 暴露 微软 监视 之下,"Anxiety,Hate",Anxiety,unLove
180,微软 验证 盗版 也 同样 验证 正版 懂得 黑客 怎么 回 事 人 都 应 该 知道 这种 验证 含义,"Anxiety,Hate",Joy,Love
181,这种 所谓 自愿 实际上 颗 定时炸弹,"Anxiety,Hate",Hate,unLove
182,呜呼 很 恐惧 这 幸亏 次 正版 验证 如果 这 次 黑客 行动 那 中国 政府 部门 多少 会 瘫痪 呢,"Anxiety,Hate","Anxiety,Sorrow",unLove
183,那 这 是否 算 中国 国家 安全 隐患 呢,Anxiety,Anxiety,unLove
184,当然 以上 只是 我的 假设 不一定 正确 可 当初 联想 某国 遭遇 却 让我 记忆犹新,Sorrow,Love,unLove
185,所以 很 想 提醒 相关 部门 ： 微软 不 威胁 中国 国家 安全,Anxiety,Expect,Love
186,记住 那 不仅仅 信息 安全,Anxiety,Love,unLove
187,中新网 布拉格 １０月 ２日 电 ： １日 发生 教学楼 楼梯 坍塌 事故 造成 ５ 名 学生 死亡 俄罗斯 奥伦堡 州 中学 女 副 校长 自杀 身亡,Sorrow,Sorrow,unLove
188,媒体 猜测 她 自责 没 能 足够 快 地 把 孩子 们 带 安全 位置,Sorrow,"Anxiety,Sorrow",unLove
189,据 俄罗斯 生意人 报 报道 教学楼 更换 窗户 时 外墙 出现 裂缝 施工者 立即 报告 自杀 身亡 副 校长,Sorrow,"Sorrow,Surprise",unLove
190,但是 她 没有 当机立断 马上 疏散 学生 而是 坐等 安全 专家 决定 因此 丧失 宝贵 时间,Sorrow,"Anxiety,Sorrow",unLove
191,如果 这 副 校长 真的 是因为 自责 没 能 足够 快 地 把 孩子 们 带 安全 位置 而 自杀 的话 那 每 一个 中国 人 都 应该 向 这位 自杀 副 校长 致敬,"Sorrow,Love",Sorrow,Love
192,据 报道 说 出事 时 这 座 已有 ５０ 年 历史 教学楼 正在 修理,Sorrow,,unLove
193,可 见 这 座 教学楼 并不 存在 豆腐渣 工程 嫌疑 更何况 即便 豆腐渣 工程 嫌疑 建 教学楼 时 这 副 校长 还 尚未 出世 所以 这 副 校长 与 校园 工程 质量 问题 没有 太 大 瓜葛,Anxiety,Hate,Love
194,按 说法 这栋 教学楼 大概 应该 属于 危房 而 属于 危房 校舍 上课 责任 应该 属于 教育 主管 部门,Anxiety,Anxiety,unLove
195,媒体 猜测 她 自责 没 能 足够 快 地 把 孩子 们 带 安全 位置 但是 这种 自责 应该 属于 工作 策略 上 失误 虽说 肯定 有罪 可 法理 上 罪 不 当 死,Sorrow,"Anxiety,Sorrow,Anger",unLove
196,那 她 为何 自责 而 死 呢,Sorrow,"Anxiety,Sorrow",unLove
197,我想 也许 良心 谴责 让 她 无法 再 面对 活 下来 学生 ； 我想 也许 职业 责任 让 她 无颜 再 走 进 新建 教学楼 ： 所以 她 才 随 她 学生 离去 并 此 做 为 她 忏悔 吧,Sorrow,"Anxiety,Sorrow",Love
198,也许 有人 会 期望 这 女 副 校长 因 情 自杀 或者 因为 其他 别的 原因 自杀 因为 由于 自责 而 自杀 说法 必然 会 让 很多 人 感到 不 舒服,"Anxiety,Expect",Sorrow,unLove
199,死者 已逝 我不 想再 说 别的 让 向 这位 与 豆腐渣 无关 没有 为 找 理由 推脱 没有 找人 庇护 也没有 辞职 中学 副 校长 致敬,"Sorrow,Love","Love,Sorrow",Love
200,祝 她 天堂 能够 内心 平静 过 安宁,Expect,"Love,Expect",unLove
201,近日 余 秋雨 上海 接受 本报 记者 专访 时 幽默 回应 外界 议论 ： 这个 年头 连 街头 算命 都 呼 为 大师 因此 没 必要 对 大师 这个 泛滥 倾向 头衔 如此 敏感,"Love,Hate",Love,Love
202,笔者 从 学生 时代 起 就 看 余 秋雨 书 对 他 虽 算 不 上 崇拜 但 印象 也 不 太 坏 感觉 他 至少 帮我 那个 时代 学生 学 不少 知识,Love,Love,Love
203,看着 最近 关于 他 争论 颇 不以为然 感觉 很 没有 必要,Anger,"Hate,Anger",unLove
204,大师 这个 早就 不再 神圣 称呼 似乎 已经 没有 太 值得 珍惜 价值 诚如 余 秋雨 所 言 ： 这个 年头 连 街头 算命 都 呼 为 大师 因此 没 必要 对 大师 　 这个 泛滥 倾向 头衔 如此 敏感,"Anger,Hate",Love,unLove
205,一向 认为 所谓 大师 特定 范围 比如 说 王 国维 大师 但 仅 限于 学术 绝大多数 农民 眼 里 他 就 什么 也 不 农民 眼中 大师 应该 袁 隆平 一类 人,Love,Love,unLove
206,如果 农民 认为 王 国维 不 大师 那 好像 也 没有 必要 对 其 口诛笔伐,Anger,"Hate,Anger",unLove
207,同理 既然 上海市 教育 委员会 认为 余 秋雨 大师 那 随 他 去 就 好 他们 认可 他们 那个 范围 事 不 认可 话 就 不 理 他们 好,Anger,Expect,Love
208,研究 周易 可以 周易 大师 川菜 做 得 好 可以 川菜 大师 连 蛐蛐 玩 好 都 可以 叫 大师 那 余 秋雨 为何 不 能 叫 大师 呢,Anger,Love,Love
209,既然 大师 这个 称呼 已经 贬值 就 没有 必要 对 它 恋 恋 不 忘,"Sorrow,Anger",Love,unLove
210,遍地 都 大师 和 没有 大师 实际上 一个 道理 呵呵,Joy,Joy,unLove
211,连 余 秋雨 都 大师 头衔 当 笑话 旁人 又 何必 呢,Anger,Hate,unLove
212,确实 没有 必要 对 余 秋雨 大师 称呼 太 敏感,Anger,Hate,unLove
213,因 不堪 忍受 老师 长期 指责 山西 晋城市 中学 学生 —— １４ 岁 李 文 化名 怀 揣 暑期 打工 赚 来 １２０ 元 钱 离家 出走,Sorrow,"Anxiety,Sorrow,Anger",unLove
214,８月 ２０日 身陷 传销 窝点 １月 久 李 文 被 警方 成功 解救 安全 回家,Joy,Joy,unLove
215,在学生 成绩 决定 教师 成绩 现行 教育 评价 体制 下 承受 排名 压力 教师 该 拿 什么 拯救 差生,Anxiety,"Anxiety,Expect",unLove
216,新 学期 伊始 李 文 出走 或许 值得 去 思考,Anxiety,"Anxiety,Sorrow",unLove
217,如果 没有 差生 身份 如果 没有 部分 教师 对 差生 歧视 李 文 不 大 可能 离家 出走,"Hate,Sorrow","Anxiety,Hate",unLove
218,可以想象 还有 很多 李 文 正 出走 与 留下 间 徘徊,Anxiety,"Anxiety,Sorrow",unLove
219,此时 笔者 一个 愿望 ： 学校 以及 相关 部门 请 不要 再 逼 着 老师 对 差生 另眼相看,"Expect,Hate",Expect,unLove
220,成绩 决定 一切 中小学校 园里 所谓 差生 更 多 时候 指 成绩 差 学生 如何 对待 这些 学生 一个 困扰 人们 很 久 难题,Anxiety,Anxiety,unLove
221,公平 地 讲 教师 并非 生来 毫无 公平 心 天职 和 责任 不会 允许 他们 对 差生 置之不理,Anger,"Expect,Hate",unLove
222,但是 学校 和 相关 部门 成绩 评比 强迫 教师 必须 对 差生 另眼相看,Anger,Hate,unLove
223,评优 评先 需要 成绩 晋级 加薪 需要 成绩 于是 学生 成绩 成 工具 而 差 生就 成 成绩 面前 祭礼,Sorrow,Anxiety,unLove
224,歧视 差生 固然有 教师 自私 因素 可 要是 没有 上级 评估 制度 谁 愿意 被 人 背后 指指点点 呢,Hate,"Hate,Anger",unLove
225,没有 哪个 人 甘 居 人 也 没有 哪个 教师 愿意 被 领导 看作 不思进取 你 让 他们 怎么办,Anxiety,"Anxiety,Anger",unLove
226,对此 笔者 以为 与 其 咒骂 教师 居心不良 不如 去 谴责 一下 学校 以及 相关 部门 考核 制度,"Anger,Hate","Expect,Anger",unLove
227,其实 笔者 非常 理解 有关 部门 苦衷 ： 不 看 成绩 如何 能 评价 一个 教师 好坏,"Anxiety,Sorrow",Anxiety,unLove
228,事实 确实 如此 不过 完全 可以 变通 —— 假如 把 差生 进步 也 列入 教师 考核 标准 那 是否 能 鼓励 教师 下 更 多 工夫 去 帮助 成绩 稍 差 学生 呢,Expect,Expect,Love
229,真 能 如此 的话 笔者 以为 教育 公平 也 会 因此 体现 教师 师德 形象 也 会 因此 提高 无数 差生 也 能 正常 心态 下 健康 成长,"Expect,Love","Joy,Expect",Love
230,这样 一举 多 得 好事 何乐而不为,"Expect,Love",Joy,Love
231,难道 非得 逼 着 老师 对 差生 另眼相看 再 让 学生 仇视 教师 教育 和 社会 吗,"Anger,Hate","Hate,Anger",unLove
232,从 某种 角度 看 教育 更 需要 公平 —— 教师 对 学生 公平 但 这种 公平 单 凭 教师 难以 做到 为了 最 大 限度 地 减少 悲剧 发生 笔者 恳请 有关 部门 ： 不要 再 逼 着 老师 对 差生 另眼相看,"Expect,Anxiety,Hate",Expect,unLove
233,因天灾而不能 回家 团圆 人们 不幸,Sorrow,Sorrow,unLove
234,本周 已 进入 春节 前 最后 一个 周末 学生 流 民工 流 探亲 流 高度 叠加 民航 铁路 等 旅客 出行 人数 再次 刷新 纪录 天气 状况 也 受到 越 来 越多 公众 关注,Anxiety,"Joy,Expect",unLove
235,据 中央 气象台 消息 １９日 至 ２０日 中东部 地区 结束 晴朗 转 暖 趋势 开始 次 较 大 范围 雨雪 天气 过程 ； ２２日 开始 股 强 冷空气 又 自 北 而 南 侵袭 全国 大部 大风 降温 再 掀 波澜 为 各地 春运 带来 新 轮 挑战,"Anxiety,Hate",Anxiety,unLove
236,天气 会 糟糕 什么 程度,Anxiety,Anxiety,unLove
237,会 不 会 影响 航班 高速公路,Anxiety,Anxiety,unLove
238,１８日 成都 双流 国际 机场 遭受 近年来 最为 严重 场 浓雾 袭击 给 正 处于 春运 客流 高峰 机场 带来 很 大 运输 压力 受 浓雾 影响 双流 机场 被迫 关闭 ５ 多 小时 造成 １２１ 进出港 航班 延误 ４ 进出港 航班 取消 约 万 名 旅客 出行 受到 影响,"Anxiety,Sorrow",Anxiety,unLove
239,２００８年 那 揪心 春运 场景 仍 眼前,Sorrow,"Anxiety,Sorrow",unLove
240,中国 南方 ５０ 年 遇 冰 灾 彻底 打乱 春运 计划,Sorrow,"Anxiety,Sorrow",unLove
241,春运 —— 最 大 次 人口 流动 因为 这 场 冰 灾 受到 前所未有 考验,"Anxiety,Sorrow","Anxiety,Sorrow",unLove
242,京 广线 —— 春运 大动脉 出现 问题 飞机 停航 铁路 公路 全部 停运,"Sorrow,Anxiety",Anxiety,unLove
243,冰天雪地 道路 难 行 即使 千方百计 求 一票 也 只 能 滞留 回家 路上 冰雪 无奈 地 等待,"Anxiety,Sorrow","Anxiety,Sorrow,Expect",unLove
244,１月 ２７　日 京珠 高速公路 长沙 至 湘潭 段 冰冻 灾害 严重 大批 车辆 滞留 最 多 时 滞留 车辆 超过 ２万 辆 滞留 人员 超过 ６万,Sorrow,"Anxiety,Sorrow",unLove
245,１月 ２７日 大量 省际 公共 汽车 因为 暴雪 滞留 合肥 汽车站,Sorrow,Anxiety,unLove
246,１月 ３１日 广州 火车站 武警 战士 齐心协力 名 人群 晕倒 姑娘 抬 出来,"Love,Sorrow",Sorrow,Love
247,当天 超过 ２０万 返乡 旅客 等待 进站 乘车,Anxiety,Expect,unLove
248,冻灾 固然 猝然 降临 天灾 但 其中 却 难 咎 人祸 因素,"Hate,Sorrow",Anxiety,unLove
249,由于 当时 地方 政府 未 对 雪灾 会 引起 严重 后果 具有 足够 清醒 认识 以致 出现 瞒报 误报 现象 更 谈 不 上 及时 出台 积极 有效 应对 措施 以致 损失 惨重,"Sorrow,Hate","Anxiety,Sorrow",unLove
250,痛定思痛 对 这次 糟糕 天气 可能 带来 后果 保持 足够 警惕,"Anxiety,Sorrow",Anxiety,unLove
251,政府 各 部门 应 未 雨 绸缪 充分 做好 应急 预案,Expect,Expect,unLove
252,此外 府 除了 及时 启动 事先 做好 应急 方案 更 应 落实 预案 过程中 尊重 民意 注重 细节 如此 政府 应急 水平 才 能 不断 完善 和 进步 社会 抗 风险 能力 才 能 灾害 获得 有力 提升,"Expect,Sorrow","Joy,Expect",Love
253,２００８年 那场 冰 灾 才 能 一定 程度 上 转化 为 财富 而 不再 仅仅 场 纯粹 灾难,Sorrow,"Love,Joy",unLove
254,因为 他们 喜欢 草坪 我就 让 孩子 们 草坪 上 看看 一些 小草 找 一找 小蚂蚁 小虫子 等等 让 他们 自由 散开 去 玩 但 规定 他们 不 可以 追逐 打闹,"Love,Expect",Joy,Love
255,考虑 草坪 上 还有 一些 树木 等 怕 危险 ； 二 考虑 饭后 不 适宜 做 剧烈 运动,Anxiety,"Anxiety,Expect",unLove
256,可是 孩子 毕竟 孩子 一会儿 工夫 他们 就 把 规定 抛 脑 几 孩子 还是 开心 地 追逐 嬉戏,Anger,Joy,Love
257,马上 制止 他们 并且 让 他们 站 棵 桃树 下 不许 乱跑 来 作为 惩罚,Anger,Expect,unLove
258,可是 依然 孩子 继续 他们 游戏,Anger,"Love,Joy",unLove
259,我想 我不 能 让 他们 都 站 着 不 玩 吧,Anxiety,,unLove
260,想想 小时候 玩 得 比 他们 还 疯 呢 老师 家长 也都 不管 不 也 没有 什么 事 吗,"Expect,Joy",Joy,unLove
261,再说 不 就 那么 点 大 草坪 吗 能 什么 危险,Joy,Anxiety,unLove
262,也 不 可能 追逐 得多 剧烈 吧,Expect,,unLove
263,总 不 能 为了 安全 就 剥夺 孩子 玩 权利 吧,Expect,"Hate,Anger",unLove
264,于是 我就 让 孩子 们 草坪 上 仔细 寻找 小生 命 看 谁 找到 小生 命 最 多,"Expect,Love",Expect,unLove
265,谁 就 一个 最 善于 观察 和 发现 小小 科学家,"Expect,Love",Love,Love
266,这样 说 孩子 们 可 来劲,Joy,Joy,Love
267,一会 这 来 拉 着 我去 看 他 发现 小蚂蚁 多 小 ； 一会 那个 捉 来 一个 西瓜 虫 给 看 ； 孩子 拉 我去 看 一个 黑乎乎 东西 　 知道 什么 哈哈 原来 一直 黑 蜘蛛 ； 更 有的 草地 上 用 小树枝 挖 起来 说是 找 蚂蚁 家 ． ． ． ． ． ． 我也 被 孩子 们 情绪 感染 也 和 他们 一起 观察 着 每 片 新 长 出 嫩叶 数 着 桃花 落 尽 枝头 有没有 长 出 毛茸茸 小小 桃,"Joy,Expect",Joy,Love
268,说 实话 早已 忘记 该 怎么 去 评定 他们 谁 那个 最 什么 什么的 呵呵 开心 就 好,Joy,Joy,Love
269,等到 时间差 不 多 该 午睡 孩子 们 还 真 点 意犹未尽 呢 不过 他们 还是 告诉我 说 今天 他们 玩 得 最 开心 天,Joy,Joy,Love
270,孩子 们 说 想 叫 你 妈妈 好 啊 哦 妈妈 我爱 你,"Love,Joy,Expect","Love,Expect",Love
271,妈妈 我爱 你,Love,Love,Love
272,． ． ． ． ． ． 孩子 们 争 着 对 说 我也 爱 你们,"Love,Joy",Love,Love
273,热烈 地 回应 着 他们 不 想 破坏 他们 心情 让 他们 知道 付出 爱 回应,"Love,Joy,Expect","Love,Expect",Love
274,婷婷 甚至 脸上 亲 一下 才肯 躺 下 ． ． ． ． ．,"Joy,Love",Love,Love
275,等到 午睡 起床 妍 问我 ： 老师 你 今天 心情 不 很 好 呀,Expect,Expect,unLove
276,奇怪 问 ： 为什么 这么 问,"Expect,Surprise",Surprise,unLove
277,因为 今天 不 乖 很 吵 你 也 没有 发火 呀,Joy,Anger,unLove
278,呀 今天 你们 叫 妈妈 当然 很 开心 呀 以后 呀 老师 再不 发火 天天 好心 情 好 吗,"Joy,Expect,Love","Joy,Expect",Love
279,好 啊 好 啊 就 天天 叫 你 妈妈,"Joy,Love","Love,Joy",unLove
280,呀 孩子 心 其实 很 细腻 很 敏感 他们 也在 观察 着 试探 着 关心 着 希望 我能 开心 希望 我能 快乐 希望 能 幸福,"Love,Joy,Expect","Love,Expect",Love
281,因为 他们 真的 爱我 喜欢我 而且 最 纯真 最 由衷 爱,"Love,Joy",Love,Love
282,我的 情绪 确实 受到 我的 心情 影响 从而 影响 着 对待 孩子 们 态度,Anxiety,Anxiety,unLove
283,常常 告诉 不 能 这样 但 有时 很 难 控制 ； 过 常常 后悔 愧疚 于 失态 我的 缺乏 自控 力,"Sorrow,Anxiety","Anxiety,Sorrow",unLove
284,而 今天 我的 内心 充满 忧伤 可 表现 得 很 平静 还 能 和 孩子 们 一起 嬉戏 欢笑 我想 我能 控制,Joy,"Love,Joy,Sorrow",Love
285,一定 能 给 孩子 们 带 去 更 多 欢乐 更 多 关爱,"Expect,Love,Joy","Love,Expect",Love
286,替 儿子 整理 书包 时 突然 想起 汶川 地震 去 另 一个 世界 孩子 们 ： 天国 他们 也 该 开学 吧,Sorrow,Expect,unLove
287,于 很 想 对 着 天空 问 句 ： 从 汶川 去 往 天国 孩子 你们 开学 吗,Sorrow,Expect,unLove
288,如果 没有 ５月 １２日 那场 整个 人类 灾难 ９月 １日 早晨 你们 也 会 幸福 走 通往 学校 路上 但 今天 你们 只 能 另外 一个 世界 去 漫长 等待,Sorrow,Expect,unLove
289,希望 你们 不会 孤单 因为 无数 人 替 你们 祈祷 因为 谭 千秋 校长 带 着 瞿 万 容 等 老师 会 与 你们 为 伴,"Sorrow,Expect","Love,Expect",Love
290,虽然 很多 人 明知 这 只 种 奢望 可 只 能 选择 这种 幸福 而 痛苦 奢望,"Sorrow,Expect","Anxiety,Sorrow,Expect",unLove
291,不 知道 天国 里 有没有 电视 转播 如果 没有 希望 你们 透过 云层 能 看到 许多 ： 汶川 重建 奥运 狂喜,"Expect,Joy","Joy,Expect",Love
292,可 知道 除了 这些 你们 更 想 看到 那些 间接 把 你们 送 离 人世 黑心 人 结局,Hate,"Hate,Anger",unLove
293,钢丝 般的 钢筋 达 不 标号 混凝土 和 水泥 没有 这些 此时 你们 至少 还 能 触摸 有形 土地,Hate,Love,unLove
294,知道 吗,Sorrow,,Love
295,中国 大地 上 正在 进行 开学 第一 课 教育 可惜 你们 已经 不 需要 但 知道 你们 肯定 向 上苍 祈求 人间 不 再 发生 同样 悲剧,"Sorrow,Expect",Expect,unLove
296,说 很 多 希望 你们 能够 听到,Expect,Expect,Love
297,以前 我是 不 相信 天国 但 现在 相信 肯定 天国 ： 天国 就 每 一个 善良 人 心里,"Sorrow,Love","Love,Joy",Love
298,所以 知道 你们 肯定 听到,Expect,,unLove
299,只是 不知道 天国 分 不 分 年级 和 学期 只是 不 清楚 天国 没 四季,Sorrow,Love,unLove
300,如果 天国 也 学期 那 ９月 １日 也 应该 你们 开学 日子 ； 如果 天国 也 四季 那我 告诉 你们 ： 这里 已经 快 秋季,"Sorrow,Expect",Expect,Love
301,虽然 你们 提前 离去 但 相信 未 来 一定 会 让 你们 天国 满意,"Expect,Sorrow","Joy,Expect",Love
302,为 汶川 祈祷 余 我想 问 ： 从 汶川 去 往 天国 孩子 你们 开学 吗,"Sorrow,Expect",Expect,unLove
303,近 几 天 　 灾区 很多 学校 复课,Sorrow,"Anxiety,Sorrow",unLove
304,一部分 人 看来 这 似乎 抗灾 取得 阶段性 胜利 一个 象征 但 笔者 却 不 这样 看,Anxiety,"Love,Joy",unLove
305,从 对 学生 负责 长远 角度 看 心理 康复 应该 目前 最 紧迫 任务 高三 学生 过早 复课 则 不 最 理想 选择,Anxiety,Expect,unLove
306,看 一下 ５月 ２２日 新 快报 对 都江堰 中学 高三 学生 王 龙 描述 吧 ： 他 说 现在 经常 感觉 地震 不过 这个 感觉 时候 他 便 会 看看 课桌 上 水瓶 不 动静,Anxiety,,unLove
307,最 让 他 恐惧 现在 教室 里 条 明显 石灰水 渍,Anxiety,Anxiety,unLove
308,‘ 我知道 这不 裂缝 但是 看到 这 就 恐惧感,Anxiety,Anxiety,unLove
309,他 说 一旦 地震 来 他 转身 踩 后面 同学 桌子 上 就 可以 跳 出去,Anxiety,"Joy,Expect",unLove
310,他 很 庆幸 教室 楼,Joy,Joy,unLove
311,他 说 现在 晚上 睡 不 着 神经 会 非常 敏感 ‘ 睡 上铺 现在 下铺 同学 随便 动 一下 都 以为 地震 来,Anxiety,Anxiety,unLove
312,事实上 这种 恐惧 感觉 远非 王 龙 人 想好 逃生 路线 吗 问题 会 时刻 困扰 着 每 一个 学生 和 教师,Anxiety,Anxiety,unLove
313,汶川 地震 场 可怕 噩梦 场 必将 缠绕在 地震 亲历者 心 数十 年 挥 不 去 噩梦,Sorrow,"Anxiety,Sorrow",unLove
314,让 这些 心灵 遭受 严重 创伤 人 伤痛 还 未 接受 治疗 时 再 进入 紧张 高三 复习 去 会 什么样 结果 呢,"Anxiety,Sorrow","Anxiety,Sorrow",unLove
315,那种 结果 难言 乐观,Anxiety,Joy,unLove
316,现在 谈论 地震 是否 会 影响 高考 学生 是否 能 正常 发挥 以及 未来 成绩 如何 应该 最 最 次要 问题 现在 急需 考虑 问题 ： 极度 恐惧 心理 状态 下去 应付 高 强度 高考 对 心理 还 未成熟 高中生 会 怎样 负面 影响,Anxiety,Anxiety,极度恐惧心理状态下进行高考，可能会对心理还不成熟的学生产生负面影响。这种状态下，学生可能会感到焦虑、紧张、恐惧、沮丧等负面情绪，从而影响其思维、记忆、注意力和情绪控制能力等方面，导致其难以正常发挥，甚至影响其考试成绩。此外，处于极度恐惧心理状态下的学生可能会感到疲惫和无助，影响其学习和应试表现。因此，在高考前，家长和学生应该尽可能地减轻其心理压力和负担，保持良好的心态和情绪状态，以更好地应对高考。
317,具体 影响 目前 肯定 难以预料 真正 影响 或许 若干年 才 能 显现 但 那时 还有 机会 去 医治 那 可怕 汶川 地震 心理 后遗症 吗,"Anxiety,Sorrow","Anxiety,Sorrow",unLove
318,没有 经历 过 地震 人 无法 去 想象 地 震中 面对 死亡 和 黑暗 可怕 经历 过 高考 人 永远 无法 忘记 高考 辛苦 和 劳累 让 这 种 力量 去 夹击 那些 考生 后果 会 不堪设想,"Anxiety,Sorrow","Anxiety,Sorrow",unLove
319,所以 笔者 看来 与 其 早日 复课 不如 让 灾 重生 学生 接受 一下 系统 有效 心理 治疗 哪怕 放弃 今年 高考 也 最 大 限度 减小 灾难 对 他们 造成 伤害,"Sorrow,Expect","Sorrow,Expect",Love
320,灾区 高考 延期 一个 月 一个 很 人性化 政策 但 高 三 学生 过早 复课 却 不 最 理想 选择,"Anxiety,Love",Anxiety,unLove
321,如果 不 想 让 代 人 紧张 与 恐惧 生活 一辈子 的话 那么 赶快 去 医治 他们 心 底 创伤 吧 这 比 高考 重要 许多,"Anxiety,Sorrow,Expect",Expect,Love
322,汶川 地震 发生 四川 绵竹市 遵 道 镇 欢欢 幼儿园 发生 整体 垮塌 此次 地震 共 造成 ５０ 多 名 小孩 和 ３ 名 老师 死亡,Sorrow,Sorrow,unLove
323,瞿 万 容 老师 为 保护 孩子 壮烈 牺牲,Sorrow,"Love,Sorrow",Love
324,幼儿园 园长 李 娟 回忆 起 瞿 万 容 老师 被 救援队 发现 情形 泣不成声 ： 当时 瞿 老师 扑 地上 用 后背 牢牢 地 挡住了 垮塌 水泥板 怀里 还 紧紧 抱 着 名 小孩,Sorrow,"Love,Sorrow",Love
325,小孩 获救 但 瞿 老师 永远 离开,"Sorrow,Love",Sorrow,unLove
326,瞿 万 容 老师 走 另外 一个 世界 去 看护 她 宝宝 去 除了 默默 地 哭泣 祝 瞿 老师 带 着 宝宝 们 一路 走 好,"Sorrow,Expect","Love,Expect",Love
327,真正 教师 什么 做 十 年 教师 一直 没有 参透 今天 终于 明白 ： 一个 教师 最高 境界 就 在生 与 死 选择 面前 能 用 身体 乃至 生命 去 保护 学生,Love,Love,Love
328,瞿 万 容 我会 永远 记住 这个 名字,Love,Love,Love
329,我不 敢 想象 孩子 天真 怎样 被 毁灭 我不 敢 想象 瞿 老师 怎样 抱 着 宝宝 试图 挣脱 死神 魔爪 只 知道 瞿 万 容 老师 胜利 虽然 她 把 生命 交给 死神,"Sorrow,Hate,Anxiety",Sorrow,unLove
330,应该 无神 论者 但 此时 我却 希望 天堂 希望 瞿 老师 带 着 她 宝宝 们 天堂 能够 看到 人民 政府 带领 下 如何 战胜 灾难 希望 瞿 老师 带 着 她 宝宝 们 另 一个 世界 能够 看到 家园 如何 重建 希望 瞿 老师 能够 看到 她 用 生命 换 回 宝宝 如何 长大 成人 希望 瞿 老师 和 她 宝宝 们 能够 看到 一个 新 世界 如何 诞生,"Expect,Sorrow","Love,Expect",Love
331,所以 希望 瞿 万 容 老师 带 着 宝宝 们 正 去 往 天堂 路上,"Expect,Sorrow",Expect,unLove
332,诚然 灾难 可怕 失去 生命 也 可怕 但 留住 希望 一切 便 不再 可怕,"Expect,Anxiety,Sorrow","Anxiety,Sorrow",Love
333,瞿 万 容 老师 保护 不 一个 幼小 生命 而是 留住 一个 美好 希望 种 坚毅 精神 种 神圣 责任,"Love,Expect","Love,Expect",Love
334,瞿 万 容 这样 老师 还有 什么 值得 害怕 呢,Love,Expect,unLove
335,有理由 相信 ： 雨 会 停 雾 会 散 天 也 亮 花朵 也 会 重新 开放,Expect,"Joy,Expect",Love
336,每 一个 人 都 坚信 这 一切 会 实现 所以 瞿 万 容 老师 才 会 义无反顾,Expect,Love,Love
337,瞿 万 容 老师 你 听到 吗,Expect,Expect,unLove
338,带 着 宝宝 们 一路 走 好 去 往 天国 路上 活 着 人 在为 你 祈祷,"Expect,Sorrow",Expect,unLove
339,想 你 时候 哭,Sorrow,Sorrow,unLove
340,注定 场 没有 终点 等待 哪怕 没有 终点 爱 却 从不 停止 我对 你 爱 …… 等 目的 不 过程,"Love,Sorrow,Expect","Love,Expect",Love
341,依然 喜欢 那样 叫 你 你 面前 总 喜欢 像 孩子 般 调皮 任性 眼泪 天生 缺点,"Love,Sorrow,Hate",Love,Love
342,哭 因为 我想 你,Sorrow,"Love,Sorrow",Love
343,不知 谁 让 相遇 又 谁 让 你 对 如此 怜惜 不 能 拒绝 你 深情 吻 不 能 拒绝 你 多情 字句 想 好久 好久 原来是 上天 注定 这 一切 你 知道 吗,Love,Love,Love
344,无数 孤单 夜里 你 和 起 点点滴滴 从 不曾 忘记 ……,Sorrow,Love,unLove
345,你 知道 吗,Sorrow,Expect,unLove
346,多少 无眠 夜晚 仿佛 已经 数 不 清 泪水 你 深情 渐渐 迷失 就 像 一个 无助 小孩 ……,"Sorrow,Love","Anxiety,Sorrow",unLove
347,如果 人生 可以 重 来 如果 命运 可以 改变 如果 相遇 可以 重新 安排 那么 请 你 紧紧 地 拥 入怀 允许 停靠 你 肩膀 哭泣 与 你 相遇 从来不 曾 后悔 哪怕 每 一个 人 责怪 无法 改变 我对 你 那 深深 情怀 ……,"Sorrow,Love,Expect","Love,Sorrow,Expect",Love
348,哭 因为 我想 你,Sorrow,"Love,Sorrow",Love
349,可是 你 又 曾 知道 在这 暗淡 夜色,Sorrow,"Love,Sorrow",unLove
350,我想 你 心 却 又 无法 传递,Sorrow,Sorrow,unLove
351,亲爱 你 知道 在想 你 吗,"Sorrow,Love",Love,unLove
352,不 让 我一 人 飞 好 吗,Sorrow,Expect,unLove
353,喜欢 你 对 我说 ： 乖 老公 真的 很 爱 你,Love,Love,Love
354,这一刻 其实 我想 让 你 知道 也 就 我也 很 爱 很 爱 你 ……,Love,Love,Love
355,每 次 想 你 时候 泪水 总 会 不 听 使唤 地 掉 下 来 次 次 地 答应 你 你 世界 我要 做 一个 坚强 小孩 可是 对不起 总 学不会 请原谅 我的 脆弱 在我的 世界 里 从 不曾有＂ 坚强 ＂ 时候 一切 只怪 太 爱 你,"Sorrow,Love",Love,Love
356,无法 埋藏 我对 你 爱 …… 只 这么 一个 答案 ……,Love,Love,Love
357,有时 感觉 好 累 好 累 总 想停 下 来 可是 我无 法 停止 想念 与 对 你 爱 想 你 哭 我知道 再也 逃 不 开 眼泪 已经 不 听 使唤 地 掉 下 来 到底 怎么 害怕 会 失去 任何 知觉 害怕 会 想 得 太 多 害怕 会 失去 害怕 会 发疯 我知道 剩下 只有 漫长 等待,"Sorrow,Anxiety,Love,Expect","Anxiety,Sorrow",unLove
358,常想 体验 体验 幸福 但 总 觉得 幸福 离 很 远 很 远 甚至 躲 着,"Expect,Sorrow","Anxiety,Sorrow,Expect",unLove
359,这 几 天 牙痛 痛 很 顽固 而 奇怪 ； 不 这 颗 牙痛 就 那 颗 牙痛 不 白天 痛 就 晚上 痛 不 吃 冷食 痛 就 吃 热 食 痛 不 一阵 一阵 痛 就 连续不断 痛 不 隐隐约约 痛 就 人命 痛,Hate,"Anxiety,Sorrow",unLove
360,痛 六神无主 痛 茶饭 不 思 痛 不知 过 白天 好 还是 过夜 晚 好 痛 脾气 很 坏 心情 很 坏 看到 有人 笑 我就 生气,"Hate,Anxiety,Anger","Anxiety,Sorrow",unLove
361,一个 早 上 起来 觉得 天气 特别 好 空气 特别 清晰 树 特别 绿 小鸟 特别 活泼 心情 也 特别 舒畅 …… 哦 这 怎么,"Joy,Love,Surprise","Love,Joy",unLove
362,突然 明白 牙 不 痛 颗 也 不 痛 一点儿 也 不 痛 全都 乖乖,Joy,Joy,Love
363,欣喜 若 狂 又 笑 又 唱 拍拍 腮帮子 叩 叩 牙齿 美 不得了,Joy,Joy,Love
364,一瞬间 种 非常 幸福 感觉,"Joy,Love","Love,Joy",Love
365,猛然 悟 原来 幸福 就 身边,Love,"Love,Joy",Love
366,过去 体验 不 幸福 因为 坐 幸福 车上 太 久 缘故,Love,Sorrow,unLove
367,０８ 年 冬天 郑州 场 雪 没 下 干干的 冷 冷 整个 楼群 都 被 灰色 笼罩 着,Hate,"Anxiety,Sorrow",unLove
368,忽然间 温度 上升 十几 度 扔掉 厚厚的 棉衣 大街 上 到处 裙 角 飞扬 美女,Love,Love,Love
369,路边 无名 小树 不经意 间 冒 出 嫩芽 人们 忽视 提示 它们 存在,Love,Love,Love
370,金水河 水 浅 浅 被 微风 吹 开 粼粼 波纹 向 岸边 荡 去,Love,Love,Love
371,春天 脚步 轻轻 地 轻轻 地 近,Joy,Love,Love
372,坐 银行 等待 区内 翻 着 最 新 一期 领跑 杂志 手机 短信 提示 音响 嫂子 信息 ： 我的 问题 我会 改正 老婆 谢谢你 付出,Love,"Love,Joy",Love
373,这 你 大哥 给 短信 谢谢你 妹妹,Love,"Love,Joy",unLove
374,忽然 眼睛 很 热 泪水 涌 出来,Joy,"Joy,Sorrow",unLove
375,大哥 和 嫂子 最近 一直 争吵 婚姻 里 充满 不 信任 不 宽容 不 忠诚 不 和谐,Anxiety,"Anxiety,Sorrow,Anger",unLove
376,但 又 不忍 不 舍 不 弃,Love,Love,unLove
377,可能 没有 爱 只有 亲情 可能 没有 交流 只 感恩 但是 十几 年 感情 岂 能 一笔 勾销,"Sorrow,Love",Love,Love
378,吵闹 折磨 折磨 中伤 痛 伤痛 绝望,"Sorrow,Anxiety","Anxiety,Sorrow",unLove
379,因 对 我的 信任 成 和事佬 听 着 彼此 心声 想尽 一切 办法 让 他们 和解 也 可能 起 点 作用 也 可能 大哥 回归 愿望 也 可能 嫂子 改变 想法 情况 好转,"Joy,Expect",Expect,Love
380,都 说 婚姻 像 面 镜子 破 再 圆 也 裂痕 但是 婚姻 为什么 不 能 像 团 揉 熟 面 分开 再 揉 还是 块,"Expect,Sorrow","Anxiety,Sorrow",unLove
381,站 人流 如织 街上 给 他们 回 着 短信 仿佛 见证 着 幸福 再次 降临 享受 着 阳光 沐浴 如此 向往 春天 温暖,"Joy,Love,Expect","Love,Joy,Expect",Love
382,明天 大哥 生日 嫂子 会 带 着 花 来看 他 春天 来 春天 花 那么 艳丽 温情 我想 暖暖的 烛光 他们 一定 会 体会 爱情 春天,"Love,Expect","Love,Expect",Love
383,春天 渴望 爱情 来临 如 牛奶糖 一般 甜 氤氲 ……,"Expect,Love","Love,Expect",Love
384,商场 闲逛 着 想 为 挑 条 裤子,"Expect,Love",Expect,unLove
385,转 一个 裤子 专卖店 前 看 起来 质地 不错 女 老板 热情 地 推荐 着,Love,Love,Love
386,看 她 眉眼 倏忽 间 点 熟悉 感觉 特别 声音 曾经 记忆 深处 出现 过 但 想不起 她 谁 趁着 试 裤子 时间 大脑 拼命 搜寻 着 一个 熟悉 名字 蹦 出来 但 又 怀疑 差别 太 大,"Anxiety,Love",Surprise,unLove
387,隔 着 试衣间 薄板 我问 她 你 很 像我 一个 同学 但 不 敢 肯定,Anxiety,Expect,unLove
388,这 真是 开门见山 她 马上 接 过 话 你 哪 上 学,Love,Expect,unLove
389,一问一答 间 果然 对 上 号 她 推 开门 也不 管我 正 试 衣服 呢 说 真是 你 呀 怎么 变化 这么 大,"Joy,Surprise","Joy,Surprise",Love
390,原 来 真是 十 多 年 没 见 同学 只是 她 都 变 变 得 不 敢 相认 时间 很 残酷 让 她 发 福 脸上 皱纹 我也 一样 吧,Sorrow,"Joy,Expect",unLove
391,兴奋地 忆 起 旧 说起 一个个 熟悉 名字 一件件 好笑 趣事 好像 又 回到 从前 没有 隔阂 没有 距离 没有 顾忌,"Joy,Love",Joy,Love
392,谈 起 起 吃 方便面 日子 起 唱歌 日子 起 高考 日子 脉络 清晰 得 让 吃惊 这些 躲藏在 记忆 深处 东西 被 挖 出来,"Surprise,Love",Surprise,unLove
393,真的 不 敢 相信 已 过 十 多 年 更 不 敢 相信 都 当 妈妈,Surprise,,unLove
394,生活 总会 给 惊喜 某个 时段 让 你 收获 财富 这些 财富 曾经 被 遗忘 过 当 再次 抓住 时 会 格外 感动 格外 珍惜,"Joy,Love","Love,Joy",Love
395,除夕 身边 朋友 都 已 远去 趁着 这 短暂 假期 修补 因 忙碌 而 疏远 亲情 祝福 他们 都 幸福,"Expect,Love",Expect,Love
396,也因 除夕 所以 思念 也 就 泛滥,"Expect,Love",Sorrow,unLove
397,外国人 不 能 理解 中国 春节 大 迁移 无论 条件 多 艰苦 也 回家,Expect,Expect,Love
398,家 多么 温馨 字眼 思念 家人 思念 朋友,"Expect,Love",Love,Love
399,短短的 一生 总 那么些 人 深深 刻 心中 他们 可能 亲人 可能 同学 可能 朋友 也 可能 陌生人 对 他们 好像 无法 回报 只 思念,"Expect,Love","Love,Sorrow",Love
400,思念 家人 他们 应该 放过 鞭炮 宽大 房间 里 享受 年夜饭 这么 多年 习惯 没 变 放炮 吃饭 看 电视 打牌 熬 红枣 水,"Expect,Love","Love,Joy",Love
401,思念 朋友 我最 困难 时 出现 身边 人 好久 没 联系 此时 也 应该 和 家人 一起 享受 春节 团圆 默默 送 去 祝福,"Expect,Love","Love,Expect",Love
402,思念 宽容 人 嚣张 时 淡然 一笑 称 无 招 胜 招 不 能 做 什么 只有 美好 祝愿,"Expect,Love","Love,Joy,Expect",Love
403,总是 思念 很多 人 想 在这 除夕夜 定 会 很多 眼泪 纷飞 那么 多 人 在外 游离 仿佛 过年 才 能 体会 亲情,"Expect,Sorrow","Love,Expect",unLove
404,但 很多 时候 都 被 浓浓 感情 包围 着 体会 消化,Love,"Love,Joy",unLove
405,有人 思念 幸福 想 那些 被 思念 人 也 应该 幸福,Joy,Love,Love
406,一个 不 小心 圣诞老人 又 来 满 大街 都 他 灿烂 笑,"Joy,Love",Joy,Love
407,向 所有 朋友 说 声 圣诞 快乐,Joy,"Joy,Expect",Love
408,提前 收到 远在 四川 成都 一个 女朋友 从 网上 发 来 祝福 贺卡 欢快 音乐 跳动 画面 好 温馨 想起 她 上次 来 郑 时 谈 地震 时 情景 她 说 家里 电脑 都 掉 地上 墙 裂开 缝,"Love,Sorrow","Love,Joy",Love
409,她 语气 平淡 地震 伤痛 似 已 远去 但 知道 这种 平淡 不 为了 忘却 而是 更加 珍惜 珍惜 拥有 一切,"Love,Sorrow",Love,Love
410,也 祝福 她 圣诞 快乐,"Expect,Joy",Expect,Love
411,一会 手机 铃声 响 起 我知道 一定 朋友 祝福 短信 哈 兴奋 满天飞,"Joy,Love",Joy,Love
412,虽然 一直 对 洋 节 气势汹汹 抢占 传统 节日 支持率 耿耿于怀 但 对 祝福 还是 希望,"Expect,Love,Hate","Love,Expect",Love
413,虚伪 吗,"Anxiety,Hate","Hate,Anger",无法判断该文本的情感，因为无法分析文本内容。我只能根据文本内容对其进行情感分析，并根据分析结果对文本进行分类。如果有其他问题，我很乐意提供帮助。
414,其实 一点 也 不 祝福 驱散 年 前 寂 廖 还有 近来 低落 心情,"Love,Sorrow","Sorrow,Expect",unLove
415,去接 李 李 时 她 说 你 圣诞节 一定 给 买 礼物 我要 圣诞老人,Expect,"Love,Joy",Love
416,前 一段 给 她 买 小雪 人 她 只 兴奋 一会 发现 孩子 对于 玩具 热忱 程度 跟 女人 对 衣服 一样 来 快 走 也 快 这不 又 考虑 给 她 买 新 还有 即将 来临 她 生日 还有 春节 礼物 也 满天飞,"Expect,Anxiety",Joy,Love
417,天啊 好 想 回到 童年 也 这样 跟 大人 磨蹭 回 还 不 会 受到 责怪,Expect,Expect,unLove
418,给 她 挑 一个 会 扭 着 身子 跳舞 圣诞老人 还有 音乐 提 着 礼物 去接 她 交给 她 时 她 故意 同学 面前 表现 出 极度 兴奋 模样 看来 满足 她 小小 虚荣心,"Joy,Love","Love,Joy",Love
419,家 她 不 写 作业 还 耍赖 说 好不容易 过节 你 帮 写 吧 虽然 点 不像话 但 我很 开心,"Joy,Hate",Joy,unLove
420,她 话 都 说 这 份 上 我也没 啥 说 只 恨 老师 如 此 不知 体谅 此时 还 布置 作业 心想 又 夜战 为 她 那 多 离谱 作业,Hate,"Anxiety,Sorrow",unLove
421,她 忙 来 忙 去 又是 扎花 又 粘贴 又 骚扰 我说 帮我 写 几 字 吧 拿 过来 裁 成 条条 纸 让 写 老师 祝 您 圣诞 快乐 几 字 难得 这 份 心,Love,Joy,Love
422,帮 她 给 爸爸 发 短信 一会 电话 过来 父女 俩 聊 来 有去 也算 圣诞 之夜 为 她 制造 另 种 快乐,Joy,"Love,Joy",Love
423,这 圣诞 之夜 平静 又 安逸 满足 又 开心 哈 虽然 没 收到 圣诞老人 送 来 礼物 但是 女儿 特意 营造 氛围 还是 让 小 感动 把 ： 她 关掉 灯 打开 圣诞老人 开关 那 首 熟悉 铃儿 响 叮 铛 弥漫 她 手 捧 精心 制作 祝 妈妈 圣诞 快乐 纸条 和 支 绢花 像 天使 一样 把 她 拥入 怀中 送 上 亲吻 说 谢谢 宝贝 可爱 天使 没有 什么 比 这 更 宝贵,"Joy,Love","Love,Joy",Love
424,祝 快乐 祝 女儿 快乐 祝 朋友 都 快乐,"Expect,Joy","Love,Joy,Expect",Love
425,自认 为 身体 很 好 好久 没有 尝 生病 滋味,"Hate,Love",Joy,Love
426,这不 老天 马上 满足 这个 伪 愿望 赏赐 感冒 次,Hate,Joy,unLove
427,鼻塞 头疼 咳嗽 想起 小时 感冒 不 算 病 也 不 吃药 几 天 就 好 现在 感冒 倒好 不 吃药 不行 甚至 输液 真是 不 我不 明白 这 世界 变化 快,Hate,Joy,unLove
428,周 末 也没 休息 带 孩子 公园 逛 又 去 上课,Sorrow,"Joy,Expect",unLove
429,孩子 们 很 乖 听说 感冒 上课 听话 许多,Love,"Love,Joy",Love
430,床 上 辗转 反侧 鼻塞 严重 无法 入睡 一早 闹钟 响起 孩子 竟 先 醒 叫我 起床 今天 学校 升旗 仪式 不 能 迟到,"Hate,Anxiety",Anxiety,unLove
431,赖 一会 床 无奈 地 起来 这时 才 突然 感到 无助 感,Sorrow,"Anxiety,Sorrow",unLove
432,想 起 家人 想 起 朋友 哈 请 你们 不要 怪我 困难 时候 才 想起,Love,"Love,Joy",unLove
433,送 走 孩子 回来 又 睡 昏昏沉沉 一直 下午 四点 也没有 饥饿感 感冒 这 小玩意 也 这么 折磨 人 想当年 哪 在乎 过 只是 好汉 不 提 当年 勇 如今 老,"Hate,Sorrow",Anxiety,unLove
434,朋友 打电话 过来 一再 交待 吃药 甚至 说 需要的话 买 送 过来 天 这点 小事 哪 敢 麻烦,Anxiety,Joy,unLove
435,只是 内心 深处 还是 着 小小 感动 就 像曾 经 有人 说 过 这个 城市 里 有人 牵挂 你 你 就 幸福,Joy,"Love,Joy",Love
436,感冒 让 无意中 也 着 幸福感,"Joy,Hate",Joy,Love
437,孩子 老师 镜子 什么样 老师 就 什么样 孩子 一个 班 班风 和 班主任 老师 性格 很 相似,Surprise,Love,Love
438,这些 话 今天 可 算是 最 感性 最 直接 最 深切 体会,Joy,Love,Love
439,可是 刚 上 楼梯 时 由于 走 得 比较 慢 排 第二 谢 翔 小朋友 抢先 踏 上 楼梯 本来 也 没 在意 可 排 第一 刘 丹 却 把 拉 住 谢 翔 警告 他 说 ： 谢 翔 你 排 哪里,"Anger,Surprise",Anxiety,unLove
440,呵呵 那 说话 神态 语气 简直 就 我的 翻版 嘛,"Love,Joy,Surprise","Love,Joy",Love
441,差点 没 笑 出 声 来,Joy,Joy,Love
442,暗自 好笑 同时 我也 很 受 震动,"Surprise,Anxiety,Joy",Joy,unLove
443,句 话 说 ： 教育 无 小事 教师 无 小节,Anxiety,"Love,Expect",Love
444,教师 一言一行无不 影响 着 孩子,"Expect,Anxiety",Anxiety,Love
445,孩子 们 像 一张张 洁白 纸 给 他们 什么 颜色 他们 就 会 什么 颜色 尤其 幼儿园 老师 就 他们 最 崇拜 人 也 他们 最 愿意 模仿 对象,"Expect,Love,Anxiety",Love,Love
446,老师 平时 言语 行为 孩子 们 都 看 眼 里 都 潜移默化 地 影响 着 孩子 们 有些 话 不 该 说 话 说 孩子 们 听到 也 记住 ； 有些 行为 举止 不经意 间 做 孩子 们 也 记住 也 学会,"Anxiety,Surprise",Love,Love
447,真是 教师 无 小节 啊,Anxiety,Love,unLove
448,有些 惶恐 也 有些 不安 恐怕 不经意 间 给 孩子 们 一些 不良 行为 举止 一些 负面 言语,Anxiety,"Anxiety,Hate",unLove
449,孩子 感谢 你 提醒 但愿 你 没有 学 一些 不 该 学的 东西,"Expect,Love,Anxiety,Joy","Love,Expect",unLove
450,以后 我会 时刻 提醒 教师 无 小节,"Expect,Anxiety",Expect,unLove
451,接听 她 电话 询问 她 女儿 病情 开始 她 还 冷静 地 诉说 着 但 慢慢 地 开始 哽咽 极力 压抑着 情感 喷发 同样 作为 母亲 强烈 地 感受 着 她 内心 痛苦 和 委屈,"Sorrow,Anxiety","Anxiety,Sorrow",Love
452,她 四 孩子 母亲 爱人 优秀 教师 十几 年 前 倒 讲台 上 留下 三 女儿 和 一个 遗腹子 后来 再嫁 一个 老实巴交 农民,"Sorrow,Love",Love,unLove
453,她 一个 朋友 亲戚 我并 不 认识 她 只是 朋友 让 写 一个 关于 她 女儿 病情 通稿 用 来到 民政部门 请求 帮助 才 有幸 听到 她 声音 并 了解 她 家庭,Anxiety,"Love,Joy",Love
454,她 大 女儿 年初 得 白血病 一个 刚 工作 年 护士 但 经济 条件 差 而 不 能 住院 买 药 回家 维持 并 坚持 上班 中间 因 无钱 而 停 药 月 病情 急转直下 经常 发烧 晕倒 不久前 当地 医院 输 血 转至 石家庄 但 巨额 医药费 让 这个 家 不堪重负,Sorrow,"Anxiety,Sorrow",unLove
455,做 母亲 求人 借 钱 欠 几万 外债 借 钱 无 门 转而 求助 朋友,"Sorrow,Expect",Anxiety,unLove
456,朋友 说 你 能 不 能 找 媒体 记者 给 报道 一下 让 社会 关注 她们,Expect,Expect,unLove
457,看似 轻松 做 起来 却 很 难 媒体 每天 都 能 接到 这样 求助 ： 无钱 治病 无钱 上学 等 司空见惯 下 神经 已经 麻木,"Anxiety,Hate","Anxiety,Expect",unLove
458,这不 能 怪 他们 正像 一个 医生 曾经 说 过 话 ： 每天 面对 那么 多 病人 只 能 保持 冷静 如果 每次 都 紧张 精神 会 出 问题,Sorrow,Anxiety,unLove
459,问 几 朋友 都 说 很 难 操作 心里 焦躁 却 没 办法 她 声音 总 耳边 围绕 仿佛 帮 她 成 义务 和 责任 如果 没 尽力 就 种 犯罪感,Anxiety,"Anxiety,Hate",unLove
460,不知 何时 才 能 建立 完善 救援 机制 让 穷困 人 能 住 得 起 医院 像 这样 只 能 哭泣 母亲 应该 很 多 而 对 生命 一点点 消逝 没 有人 会 冷静 面对 想起 不久前 看到 一个 新闻 一个 当中 学校 长 母亲 为了 救 儿子 而 上街 乞讨 生活 压力 和 残酷 剥夺 她们 自尊,"Sorrow,Expect","Anxiety,Sorrow",unLove
461,真是 半生 奔波 苦 把 辛酸泪,Sorrow,"Anxiety,Sorrow",unLove
462,妖媚 狐 妖 声 嘶 心 咧 肺 尖叫声 退 去 美丽 人形 化 成 白狐 成全 所有人,"Sorrow,Love","Love,Joy",Love
463,画皮 最后 凄美 让 眼角 湿润,"Sorrow,Love","Love,Sorrow",unLove
464,其实 旧瓶装新酒 已 完全 没 蒲 松龄 对 世人 批判 倒是 场 唯美 多 角 恋,Love,"Love,Joy",Love
465,对 画皮 惊悚 停留 老式 电影 这部 新 画皮 几 秒钟 恐怖 镜头 只是 这个 爱情 剧 小点心 给 那些 趁机 拥抱 影院 情侣 们 提供 一个 小 机会,"Love,Anxiety",Love,Love
466,比 想象 好 妖 也 爱情,Love,Love,Love
467,一个 温婉 女人 为了 挽救 苍生 挽救 心爱 人 忍辱负重 饮下 毒酒 瞬间 面目 狰狞 揽 下 所 妖 罪行 甘愿 以 死 换取 别人 幸福,"Sorrow,Love,Hate","Anxiety,Sorrow",Love
468,一个 化身为 人 狐 妖 靠 吃 人心 维持 人形 为了 爱 害人 为了 爱 杀人 又 为了 爱 救人 最后 所有 爱 与 恨 都 随 一阵 轻 烟 而 去 她 终 成全 别人 牺牲,"Hate,Sorrow,Love","Love,Sorrow",Love
469,一个 身怀绝技 高手 看着 心爱 女人 投入 他人 怀抱 饮恨 而 去 最后 却 又 她 垦 求 下 放下 一切 怨气 前来 除妖 只要 伤害 她 人 他 绝不 留情 包括 她 爱人 这种 爱 点 偏执 却 又 真挚 最后 和 敌人 同归于尽,"Sorrow,Love,Hate",Love,Love
470,他 相随 妻子 却 被 狐 妖 诱惑 矛盾 挣扎 只是 他 相信 能 做到 不 背叛 一意孤行 终 尝 苦果 原 来 他 一直 维护 美丽 女人 真的 妖 而 深 爱 他 人 却 已 奔 黄泉 殉情 于是 发生,Sorrow,"Love,Anxiety,Sorrow",unLove
471,一个个 都 爱 死心 踏 地 至死 不 渝 只是 在这 所有 爱中 品味 却 痛彻 心扉,"Sorrow,Love",Love,unLove
472,已 身为 人夫 但 感情 岂 能 控制 可以 同时 爱上 人 却 不 能 同时 拥有 人 但 这种 暗中 暧昧 已 深深 地 伤害 另 一个 人 他 可知,Sorrow,"Anxiety,Sorrow",unLove
473,她 温柔 体贴 坐 拥 夫人 一席 却 对 突然 降临 身边 女人 警惕 余 女人 敏感 任何 时候 都 不会 出错 防备 暗查 爆发 爱 但 幸福 何在,Sorrow,"Love,Anxiety",unLove
474,她 美艳 绝伦 足以 媚惑 一切 男人 何况 还 会 妖术,"Anxiety,Love",Love,Love
475,她 自信 能 把 属于 别人 男人 征服 一次次 地 耍 计 一次次 地 失望 歇斯底里 迸发 出 最后 罪恶 ： 毁掉 那个 挡住 她 幸福 路 女人,Hate,"Anxiety,Sorrow,Hate",unLove
476,柔美 小脸 阴冷 无比 只是 最后 那个 男人 宁愿 以 死 谢罪 也 不 愿 跟 她 共 结 连 理 还有 什么 比 这 更 残酷,"Sorrow,Love",Sorrow,unLove
477,结局 只 能 黯然 离去,Sorrow,Sorrow,unLove
478,每个 人 都 爱 不顾一切 却 又 深深 伤 导演 力图 想 把 这 场 爱情 描绘 凄婉 动人 可是 旖旎 风景 外 读 种 心痛 难道 种 误读,"Sorrow,Love","Love,Anxiety,Sorrow",unLove
479,不 明白 为何 最后 喜剧 结局 淡化 许多 色彩 现实 不 可能 这么 完满 这 导演 对 生活 种 逃避 罢,Hate,"Sorrow,Hate",unLove
480,爱 就 有伤 但 不 能 因 此 就 不 敢 爱 所以 还 坚持 爱 人 都 勇敢,Love,"Love,Joy",Love
481,乍一看 这 题目 点 大 所以 反复 斟酌 半天 本 不 喜欢 琢磨 又 想 这 老板 遍布 年代 倒 也 释然,Anxiety,Joy,unLove
482,经营 着 几十 平米 小 饭店 整天 系着 围裙 笑脸 相迎 七八 年 时间 耕耘 着 这 二 寸 方 地 这 老板 和 老板娘 生活,Love,"Love,Joy",Love
483,因 住 附近 又不 做饭 我是 这家 小店 常客 准确 地 说是 日日 上门 来 二 去 他们 给 做 饭量 越 来 越 大 好像 感谢 忠诚度 以至 半年 休 重 暴 增 近 十 斤 现在 看着 爱 吃 米饭 只 能 抑制 欲望 改 喝 汤,Love,Love,unLove
484,老板 憨厚 老实 不 爱 说话 却 偏爱 看 体育 节目 唯一 台 小电视 整天 停 中央 体育 频道 一说起 足球 来 头头是道 发现 这 他 话题 引爆 点,Love,"Love,Joy,Surprise",Love
485,次 无意中 聊 他 十 年 前 北京 打工 日子 他 劲头 来 说 他 曾 八十 年代 著名 歌手 张 行 饭店 里 打 过 工 还 说 张 行 和 张也 情史 他 张 行 家里 看 过 张 也,Love,Love,Love
486,我对 这 段 历史 倒 没 了解 过 也 无所谓 真假 觉得 他 眉飞色舞 劲 很 可爱,Love,Love,Love
487,碰到 合适 倾听 者 他 也 善 聊 者,Love,Love,Love
488,她 不善 妆 容 但 肤 质 不错 如果 不 身材 走样 打扮 出来 也 美女,Love,Love,Love
489,她 说来 郑州 七八 年 时间 没 出 过门 除了 超市 买 东西 一天到晚 守 店 没 时间 玩,Sorrow,Anxiety,unLove
490,这也 种 生活 方式 只是 苦 孩子 她 女儿 跟 女儿 差不多 大 小不点 好 朋友 她 每次 看 带 女儿 出去 玩 就 很 羡慕 我会 偶 而 带 她俩 看 书 给 她们 讲 故事,"Sorrow,Love","Love,Joy",Love
491,也 会 偶而 给 她 扎 各种 小 辫子 让 她 臭 美 次,"Love,Joy",Love,Love
492,老板娘 说 她 五 年 没 回家 过年 今年 回去 房子 也 买 尽管 离 市区 远 说不定 以后 就 好 地方,"Expect,Sorrow",Love,unLove
493,他们 生活 一成 不 变 天天 如此 别人 看着 死水 一样 日子 他们 过 有滋有味 对 他们 来说 生活 不 需要 波澜 爱情 不 需要 轰 烈 有钱 花 屋 住 就 安居乐业 够,Joy,Love,Love
494,本分 实在 和谐,Love,"Love,Joy",Love
495,碰到 以前 同事 他 问 近况 然后 说 好好 工作 好好 生活 好好 过,Expect,"Joy,Expect",Love
496,简单 话语 深情 叮咛,Love,Love,Love
497,最近 总 接到 家 人 电话 让 我回 他们 身边 对于 漂泊 理解 他们 概念 流浪 －－－－ 没有 一个 温暖 家 没有 副 可以 依靠 肩膀,Sorrow,"Anxiety,Sorrow",unLove
498,没有人 知道 我能 面对 多少 风雨 能 承担 多 大 负荷 他们 心里 仿佛 还是 那个 娇娇 柔柔的 玲珑 女子,Sorrow,Love,Love
499,不 舍 对于 郑州,Sorrow,Sorrow,unLove
500,那么 多 梦想 那么 多 情感 那么 多 付出 那么 多 渴望 都 这里 纠缠,"Anxiety,Expect",Expect,unLove
501,成功 惊喜 爱情 炫 烂 走近 又 走远 而 我还 勇猛 地 跋涉 路上,"Joy,Love",Joy,unLove
502,爱 着 人 都 勇敢,Love,Love,Love
503,只是 这种 个性 有时 伤 别人 有时 伤,Sorrow,Sorrow,unLove
504,习惯 一个 人 进 一个 人 出 一个人 失神 一个 人 浅 渡,Sorrow,Joy,unLove
505,但 一个 信念 好好 工作 好好 生活 好好 过,Expect,Expect,unLove
506,不 贪图 荣华 只要 内心 安宁 抗拒 诱惑 只要 淡然 心境 善待 朋友 只要 共享 喜悦,"Love,Joy","Love,Joy,Expect",Love
507,不 放弃 对 最 好 信任,Love,Love,Love
508,好好 生活 这里 爱 着 我的 工作 爱 着 我爱 人,Love,Love,Love
509,种 声音 浅吟 低唱,Love,"Love,Joy",Love
510,夜晚 独 坐 又 年 秋,Sorrow,Sorrow,unLove
511,没 来得及 编发 已 收到 条 又 条 有名 无名 短信 别人 祝福 先期 来到 心 愧疚 想 句 话 ： 让 爱 先行一步,"Love,Sorrow","Love,Joy,Expect",Love
512,有人 远行 车上 有人 背井离乡 有人 暗自 怀念 有人 无语 悲伤 中秋 何止 种 情怀,Sorrow,"Love,Sorrow",unLove
513,给 家人 打 电话 送 去 中秋 问候 也 报 平安 听到 熟悉 声音 些许 安慰,"Joy,Expect,Love",Joy,Love
514,他 说 你 生活 就 如此 简单,Surprise,Love,Love
515,忽然 想到 好久 没有 品尝 节日 欢乐 春节 也 人 度过,Sorrow,Joy,unLove
516,块 玩 闹 朋友 突然间 全部 消失 旅游 会友 不忍 打搅 他们 难得 假期 希望 他们 都 玩 开心 只是 内心 孤独 难以 驱逐,"Sorrow,Expect",Joy,unLove
517,想 起 许巍 歌 ： 又想 起 身边 走 路上 朋友 有多少 正 疗伤,Sorrow,"Love,Sorrow",unLove
518,怀念 逝去 人 思念 健在 人 中秋 撩 起 所有 伤感 情 深处 人 孤独,"Sorrow,Love,Expect","Love,Sorrow",unLove
519,有人 说 今天会 很多 人 哭 用 泪水 祭奠 相思,"Sorrow,Love,Expect",Sorrow,unLove
520,不眠之夜 亮 着 灯 窗 何止 这,"Sorrow,Anxiety",,unLove
521,突然间 很 想 很 想 ……,"Expect,Love",Expect,unLove
522,初 识 魅力 ８８１ 我最 孤独 时候 一切都 结束 一个人 进进出出 没有 电视 没有 电脑 没有 声音 甚至 连 噪声 都 没有 让 人 窒息,Sorrow,Sorrow,unLove
523,就 我将 孤单 面前 一败 涂 地 将要 沉沦 安静 里 时 一个 朋友 送 来 收音机 他 说 虽说 人 成长 过程 忍受 寂寞 但 家里 不 能 没有 声音,Sorrow,"Anxiety,Sorrow",Love
524,他 想 说服 收下 因 他 最 了解 我最 懂 朋友 这 份 盛情 我无 法 拒绝,Love,Love,Love
525,打开 各种 声音 传来 突然 很 熟悉 感觉 悄无声息 袭 来 有时在 路上 会 碰到 悠闲 老人 拿 着 收音机 听 着 依依 呀呀 戏剧,Love,"Love,Joy",Love
526,十几 年 没有 拥有 过 从没 想过 它 会 再次 走 进 我的 生活,Surprise,Love,Love
527,狭小 空间 里 终于 又 笑声 歌声 打开 窗户 让 这种 声音 顺着 风 飘远 跟 死气沉沉 氛围 说 拜拜,"Joy,Love,Hate",Joy,Love
528,来回 寻找 听到 首 动听 音乐 从小就 对 音乐 执着 热爱 也 只 音乐 能 让 宁静 下来 更 能 疗伤,"Love,Sorrow",Love,Love
529,就 这样 我认 识 魅力 ８８１ 河南 广播 电台 一档 音乐 节目 喜欢 听 主持人 磁性 声音 喜欢 听 直 刺 心扉 歌曲 喜欢 听 动人 描述 真诚 情感,Love,"Love,Joy",Love
530,清早 醒 来 拧 开 收音机 旋 扭 让 音乐 唤醒 早晨 阳光 夜晚 拥 着 音乐 入眠 伴我 进入 沉沉的 梦乡,Love,"Love,Joy",Love
531,就 这样 我爱 上 ８８１ 执着 爱 直到 现在,Love,Love,Love
532,８８１ 陪 着 走过 那段 黑暗 时光 陪 着 咀嚼 本 又 本 书 还 陪 着 寻找 未来 幸福,"Expect,Love,Sorrow",Love,Love
533,当 把 ８８１ 寻 好 音乐 传给 朋友 时 他们 会 惊奇 地 说 你 哪 收集 好 音乐,Love,"Joy,Surprise",Love
534,笑 而 不 答,Joy,Love,unLove
535,音乐 没有 界限 能 超越 时空 距离 带来 永远 感动,Love,"Love,Joy",Love
536,我跟 ８８１ 块 行走 跟 音乐 块 成长 不论 何时 这 都 美好 经历 更加 宝贵 财富,Love,"Love,Joy",Love
537,在跟 ８８１ 共处 日子 里 完善 自已 学会 释放 学会 理解 学会 忍受 更 学会 倾听 把 无价 可贵 情谊 珍藏 心中 还有 感谢 永远,Love,"Love,Joy",Love
538,为了 孩子 上学 事 今天 又 奔波 天 跑 三 医院 一个 学校 穿着 高跟鞋 脚 已经 不堪重负,"Sorrow,Anxiety",Anxiety,unLove
539,明天 学校 报名 因之 前 遗留 问题 防疫 本 不好 加 章 理由 针 打的 不 全 这个 我也 无可 奈何 一个 县城 要求 郑州 差 远 长途电话 打 给 当 护士 妹妹 她 也 没 办法 因为 她 所 医院 根本 就 没 这种 章,Sorrow,Anxiety,unLove
540,于是 又 换 家 医院 还 存在 侥幸 心理 说不定 这里 医生 没 那么 严 但 又 一次 失望 更 失望 护士 态度 她 好像 刚 受 过 委屈 急于 找 发泄 对象 这时 碰巧 撞 上去 又 或是 她 急于 表达 这个 外行人 面前 优越感 总之 口 气 严 历 表情 冷漠 但 我也 承认 她 说 有理 我以 前 没 把 打 疫苗 看 得 这么 重要 现在 为了 孩子 上学 才 重视 起来 可是 事已至此 她 句 帮 不 你 让 彻底 没 信心,"Sorrow,Hate","Anxiety,Sorrow",unLove
541,顶 着 烈日 站 街上 想了 一会 给 孩子 同学 妈妈 打 电话 她 给 推荐 一个 医院 听 起来 不 错 于是 我又 赶往 这 医院 下车 走 老远 才 找到 这 位于 街道 最深处 小 医院 可是 楼上 楼下 转 几 圈 也 没 找到 人 打听 人家 周末 不 上班,"Sorrow,Expect",Anxiety,unLove
542,又一次 站 街上 理清 思绪 稳定 一下 情绪 这时 最 不 能 乱,Anxiety,Expect,unLove
543,眼看 快 五 点 该 想 办法 都 想过 但是 相信 车 山前 必 路 只 不 放弃 很 佩服 耐性 和 冷静 也 可能 所有 事 都 解决 磨练 出 这种 个性 我只 一个 好 结果 正确 渠道 走 不 通 只 能 走 歪门邪道 这种 歪门邪道 虽 不 违背 道义 但 违背 原则 不 提 也罢,"Expect,Anxiety,Hate",Love,Love
544,回到 家 扔掉 高跟鞋 倒 床 上 再也不 想 起来 一觉 睡 １０点 多 出去 简单 吃 点 饭 回来 敲 下 这 点 文字 感慨 良多 孩子 上学 难 事 最近 几 年 解决 不 看 新闻 郑州 小学校 缺口 ７０ 多 所 天,"Sorrow,Anxiety,Surprise","Anxiety,Sorrow",unLove
545,做好 准备 迎接 明天 奔波,"Anxiety,Expect",Expect,unLove
546,如今 不管 有钱 没 钱 谱 没谱 都 拽 成 老大,Hate,"Hate,Anger",unLove
547,首先 申明 本人 绝不 愤青 也 不 见到 什么 都 吼 嗓子 人 相反 比较 沉静 但 对 某些 人 某些 事实 有话 说,Hate,Love,unLove
548,跟 朋友 出去 吃饭 他 总是 怕 照顾 不周 先 让 点菜 点 完 足够 人 食用 他 老先生 非得 再 把 菜谱 浏览 遍 必 加上 两道 结果 钱 花 不 少 菜 也 剩 不 少 我看 着 这些 被 糟踏 饭菜 不仅 心 里 不 爽 看着 他 更 不 爽 如果 使用 暴力 不 犯法 的话 真想 对 他 施 一通 拳脚 问 他 还 浪费 不,"Anger,Hate","Anxiety,Anger",unLove
549,后来 为了 限制 他 下 命令 以后 吃饭 不准 超 五十 元,Anger,Anxiety,unLove
550,他 点 傻眼 说 就 吃 最 简单 套餐 也 不止 这些 钱 呀 说 不 管 超过 你 就 别 吃,Anger,"Joy,Surprise",unLove
551,不知道 这 属 不 属于 冷 暴力 但 为了 不 浪费 农民 辛苦 种的 粮食 即使 被 对方 称为 母老虎 也 所 不惜,Anger,"Love,Hate",unLove
552,幼儿园 接 孩子 看到 卫生 间 水龙头 一直 不停 流水 天天 如此 终于 天 忍 不 住 问了 老师 水龙头 怎么 老 流水 呀,Anxiety,,unLove
553,这个 问题 很 幼稚 应该 直接 问 水龙头 不 应该 问 老师,Hate,,unLove
554,果然 她 轻描淡写 ： 坏,Hate,,unLove
555,中国 水 太 不 值钱 吨 才 块 每月 交 四 块 钱 会 觉得 很 少 不知 幼儿园 一个 月 多少,Anger,Anxiety,unLove
556,连 自已 交 钱 买 水 都 不 珍惜 所以 强烈 建议 政府 把 水价 调 高 啥 时 跟 油价 一样 看 还 浪费 不,"Anger,Expect,Hate",Expect,unLove
557,提到 水 还有 一个 故事 几 年 前 跟 爱人 出差 住 宾馆 那时 春天 晚上 洗澡 时 宾馆 水 不 太 热 他 就 拼命 地 放水 说 过 会 就 热 眼看 满 浴缸 水 都 被 他 放 光 我就 跟 他 急 不 你家 水 你 就 可以 浪费 吗,"Anger,Hate",Love,unLove
558,他 居然 说 这 掏钱 买 不用白不用 我把 他 推 出去 说我 就 洗 凉水 因为 我没 权利 浪费 这 属 于 全人类 财富,"Anger,Hate",Anger,unLove
559,我也 从 没有 自已 花钱 买 东西 可以 过度 消费 观念 住 宾馆 该 熄灯 还是 熄 免费 早餐 该省 还 得 省,Hate,Love,unLove
560,地球 只 一个 资源 总会 枯竭 谁 敢 说 他 能 再造 一个 地球 出来 都 移民 算,Anxiety,"Anxiety,Sorrow",unLove
561,每个 人 都 应该 问问 自已 我有 权利 浪费 吗,"Anger,Expect","Expect,Anger",unLove
562,这种 无奈 感觉 以 前 没有 过 因为 前 家里 既 有房 又有 地皮 不过 那 县城 倒 很 容易 当 地主,Sorrow,"Anxiety,Sorrow",unLove
563,来到 郑州 也 一直 没 买房 打算 因此 也没有 无奈 感觉 只是 身边 一群 房 奴 整天 哀声叹气,Sorrow,"Anxiety,Sorrow",unLove
564,等到 真正 关注 房价 时 才 发现 房价 涨 速 已 快赶 上 火箭 速度,Surprise,Expect,unLove
565,买房 冲动 来自于 女儿 她 太 希望 我能 给 她 一个 小房子 而且 美美 地 做 着 规划 里面 堆满 胖乎乎 小 娃娃 和 五颜六色 玩具 张 小小 床 她 躺 上面 甜甜地 做梦 她 期盼 眼光 刺 痛 心 于是 我像 着 魔 似的 天天 翻 着 报纸,"Anxiety,Sorrow","Love,Expect",unLove
566,突然间 所有 媒体 都 报道 房价 下跌 消息 什么 楼市 进入 冰冻期 消息 每天 都 印 入眼 帘 楼盘 广告 也 一下 多 起来 各种 促销 手段 层出不穷 ： 各种 珍藏 房型 低价 出售 现 交 两万 抵 五万 等,"Love,Surprise",,unLove
567,虽然 眼 被 绕 点 花 但 人们 却 出奇 冷静 和 ２００７年 疯狂 比 起来 尤如 进入 另 一个 世界,Surprise,Love,Love
568,每当 同事 们 看我 翻 报纸 就 笑 说 千万 别 买 肯定 还 下跌,Joy,Anxiety,unLove
569,这种 观望 心理 足以 让 地产 商 想 跳楼 大家 都 捂 着 钱 袋子 你 能 有啥 办法,Joy,Anxiety,unLove
570,突然 天 一个 房地产 公司 工作 朋友 来 电话 说 他们 楼盘 现在 最后 几 套 小房 型 降价 ８％ 因为 他 关系 可以 降 １０％ 这个 楼盘 位置 不错 这也 算 吸引人 数字 尽管 我对 数字 不 敏感,Love,Joy,Love
571,过去 看 房子 五十 平米 不 将近 ２５万 付 过 首 付 每个 月 月 供 也 不 低 我想 起 女儿 小脸 心 里 说 宝贝 房子 买 妈妈 可 没 钱 给 你 买 肯德基 吃,Anxiety,Love,unLove
572,尽管 售 楼 小姐 电话 频繁 但 实在 不 想 给 自已 那么 大 压力 更 不 想 成为 房 奴 整天 被套 着 枷锁 生活,Hate,"Anxiety,Expect",unLove
573,房子 没 买 房价 继续 下跌 虽然 还 继续 关注 但 心里 已 荡 不 起 多少 涟漪,Expect,Anxiety,unLove
574,但是 今天 陪 一个 朋友 去 看 房 又 让 我有 颇多 感慨,Sorrow,Love,unLove
575,还是 看 那个 楼盘 他 想 买 三室 厅 １５０ 平 左右 跟着 售楼 小姐 穿过 建筑 工地 踩 着 满地 泥水 揭开 房子 面纱 房型 还行 属 高层 楼 距 也 不错 １４０ 多 平,Love,"Love,Expect",Love
576,只是 这 价 ： １０２万 优惠 不 加 车 没有 装修,Anxiety,"Love,Joy",unLove
577,我看 着 点 晕,Anxiety,Anxiety,unLove
578,回来 车上 朋友 说 不 买房 还是 百万富翁 买 就 穷光蛋,Anxiety,"Anxiety,Sorrow",unLove
579,我没有 期望 这 无奈 何时 结束 更 没 抱 着 房价 一跌 到底 希望 只是 这 跌 也好 涨 也 好 暂时 与我无关 只 能 与 无关,Sorrow,"Anxiety,Sorrow,Expect",unLove
580,不知为什么 总 想 说些 和 爱 有关 话题 在这 深夜 里 只 能 听见 健 盘 敲打 声 静静 地 很 好 让 一个 足够 优越 思考 空间,Love,Love,Love
581,爱 我认为 最 伟大 字眼 万物 繁衍 爱 永恒,Love,Love,Love
582,中国 人 内敛 和 委婉 由 来 以久 顽固 很 难 改变 导致 人们 都 不善 表达 最 简单 爱 字 都 羞于 出口,Hate,Hate,unLove
583,单位 里 最 经典 故事 就 来自于 主任 他 上学时 暗 恋 女 同学 但 就 不 敢 开口 矜持 让 他 把 这种 感情 一直 带 毕业 也 没 说 对方 自然 不知 他 心意 多少 年 同学 聚会 各自 都 家庭 他 借助 杯 酒 神力 终于 以 玩笑 形式 抒发 出来 ： 当时 喜欢 你 你 知道 吗,Love,"Love,Joy",Love
584,女 同学 大 睁 着 眼睛 三 字 ： 不 知道,Surprise,Surprise,unLove
585,听到 人 都 拿 这 事 做 为 笑柄 笑过 了事 但 如果 当时 他 说 可能 得到 段 姻缘,Sorrow,Joy,unLove
586,经常 跟 女儿 说 句 话 就 我爱 你 不管 身边 还是 电话 里 女儿 也 会 用甜 甜 声音 回复 我也 爱 你 都 很 愉悦 都 很 幸福 这种 幸福 不 在于 收获 而 在于 付出 所以 女儿 说 她 班里 最 幸福 孩子,"Joy,Love","Love,Joy",Love
587,擦 肩 而 过 故事会 继续 上演 美好 生活会 展现 给 勇敢 人 当 都 流 连 于 别人 故事 无法 自拔 时 其实 忘 也 可以 创造 那种 美丽 氛围,Love,"Love,Joy,Expect",Love
588,人们 不 敢 说 我爱 你 总怕 遭到 拒绝 但 却 忘 没有 一个 人 不 希望 得到 爱 温暖,"Expect,Anxiety,Love","Anxiety,Sorrow",Love
589,看 过 李 连杰 说 过 句 话 ： 男人 征服 世界 武器 就 微笑 微笑 就 和谐,Love,"Love,Joy",Love
590,每个 人 都 想 生活 和谐 环境 可是 和谐 需要 所有人 去 努力 维护,"Expect,Love",Expect,unLove
591,爱 征服 所有人 武器,Love,Love,Love
592,今天 收拾 屋子 擦 沙发 时 又 看见 那 一道道 深深 划痕,Sorrow,Anxiety,unLove
593,眼前 又 浮现 出 那 只 活泼 可爱 小猫 来,"Love,Sorrow",Love,Love
594,心中 居然 没有 一丝 心疼 沙发 被 损坏,Surprise,Sorrow,unLove
595,暑假 天 早晨 太阳 毫不 吝啬 把 他 万道 金光 撒 遍 地球 上 每 一个 角落 而 薄薄的 晨雾 依然 留恋 地面 附近 氤氲 着 多情 地 依偎 小河 水面 上 温柔 地 缠绕 每 棵 蓬勃 树木 周围 倔强 地 不肯 回到 那 冷清 高 空中 去,Love,Love,Love
596,多 美 一个 早晨,Love,"Love,Joy",Love
597,用力 地 呼吸 着 清新 空气 ． ． ． 神清气爽,"Love,Joy",Joy,Love
598,突然 听到 声 怯 怯 地 叫声 ： 喵 ～ ～ 循声 看 去 只 脏兮兮 小猫 咪 悄悄 地 走 进 我家 怯生生 地 看着 ． ． ． 哦 宝贝,"Love,Surprise",Love,Love
599,可怜 孩子,"Love,Sorrow",Sorrow,unLove
600,你 怎么会 成 这个 样子 呢 ． 一定 被 谁家 丢弃 夏天 小猫,"Sorrow,Anger",Sorrow,unLove
601,蹲 下 来 呼喊 着 咪咪 一边 对 它 做 着 过来 手势 它 居然 就 慢慢 地 靠近 捉住 它 来到 卫生间 开始 给 它 洗澡 ． ． ． 一开始 它 很 害怕 可是 慢慢地 它 变 得 听话 任我 给 它 抹 上 沐浴 露 给 它 搓 去 爪子 上 泥土 ． ． ． 我想 它 被 那些 脏东西 粘住 身上 毛 应该 很 难受 吧,"Sorrow,Anxiety,Love","Love,Anxiety",Love
602,这下 它 看 起来 漂亮 多,"Love,Joy",Love,Love
603,接下去 给 它 吃 什么 呢,"Anxiety,Love,Expect",Expect,unLove
604,家里 好 象也 没有 什么 可以 给 它 吃 东西 ． 于是 决定 马 上去 菜市场 买 点 小鱼 ． 把 它 安排 好 就 赶紧 去 趟 菜市 买 点 小鱼 回家 就 炖 熟 然后 就 直接 给 小猫 吃 哈哈 看 它 吃 得 那么 欢快 一定 好久 没有 享受 过 这样 美味 吧,"Love,Joy",Joy,Love
605,或许 有生 以来 第一 顿 大 餐 呢,"Joy,Love",Love,Love
606,就 这样 它 就 我家 里 安家落户,"Joy,Love",Joy,Love
607,我就 简单 地 叫 它 ＂ 咪咪 ＂ 在我的 精心 照料 下 咪咪 很快 就 变 得 精神 白 倍 特别 活泼 可爱,"Love,Joy","Love,Joy",Love
608,　 　 每天 一大 早 它 就 会 屋子 里 到处 疯 玩,"Love,Joy",Love,Love
609,哧溜 一下 就 顺着 窗帘 窜 上 天花板 丝毫 不 管 窗帘 被 它 抓 出 丝 丝线 头 可怜 地 皱 巴 着,"Love,Anger","Love,Sorrow",Love
610,嘣 嘣 嘣 地 又 滑溜 下 来 从 房间 这 头 蹦 跳 那 头,Love,Joy,unLove
611,又 干脆 会 跳 上 床 来 你 身上 乱 踩 乱 蹬,"Love,Anger",Hate,unLove
612,还 会 把 凉席 花边 抓得 惨不忍睹,"Anger,Love",Love,unLove
613,如果 我还 不理 它 就 会 来 舔 脸 用 它 软软 肉乎乎 爪子 抓 脚底 让 你 别 想 再睡 懒 觉,Love,Love,Love
614,让 你 再没有 一点点 睡意,"Love,Anger",,unLove
615,　 　 它 也 特别 乖 时候,Love,Love,Love
616,当 它 饱餐 一顿 美味 就 会 很 惬意 地 伸 懒腰 乖乖 地 回到 它 小 窝 舔 舔 毛 和 爪子 给 洗 把 脸 就 会 眯 上 它 机灵 眼睛 舒舒服服 地 睡 大 觉,Love,"Love,Joy",Love
617,还 不 忘 很 优雅 地 轻轻 打 着 呼噜 呢 ～ ～ ； 有时候 躺 沙发 上 看 书 时 它 就 会 讨好 地 趴 肚子 上 安静 地 陪 着 看 书 呢 ． ． ．,"Love,Joy","Love,Joy",Love
618,可是 当 它 午睡 醒 来 就 又 会 疯 上 一会,Love,Anxiety,unLove
619,沙发 蹿 上 跳 下 还 不时 用 它 小小的 利爪 狠狠 地 抓着 沙发 皮,"Love,Anger",Love,unLove
620,好端端 把 新 沙发 就 这样 深深 地 累累 伤痕,"Anger,Sorrow,Love",Sorrow,unLove
621,如果 我要 追打 它 它 就 以为 我在 逗 它 玩 就 会 更加 疯狂 地上 窜 下跳 满 屋子 地 跑,"Anxiety,Love,Anger",Love,unLove
622,真是 拿 它 没有 办法,"Anger,Anxiety,Love","Anxiety,Anger",unLove
623,其实 我也 没有 真的 生气 感觉 它 那么 富有 生气 给 我家 里 带来 勃勃 生机 为 平添 许多 欢乐,"Love,Joy","Love,Joy",Love
624,虽然 它 也 给我 添 不少 麻烦,"Anxiety,Love,Anger",Joy,unLove
625,每天 早早 我就 得 起床 都 去 菜市 给 它 买 新鲜 小鱼 去 晚 就 会 卖 完 没有 ； 回家 还 得 给 它 炖鱼 香喷喷 鱼 香味 常常 惹 得 它 围 着 喵喵 叫 ； 每天 还 得 为 它 准备 煤灰 供 它 拉屎 撒尿 而且 它 特别 爱 干净 拉 过 次 煤灰 如果 不 及时 更换 它 绝 不肯去 拉 第二 次,"Anxiety,Love",Love,Love
626,哼哼,Anger,,unLove
627,它 完全 忘 当初 只 只 被 人 遗弃 流浪 猫,Love,Sorrow,unLove
628,俨然 一个 高傲 公主,Love,Love,unLove
629,最 让 人 受不了 它 家里 疯 家里 搞 破坏 不 说 还 居然 把 邻居家 阳台 上 花草 也 当成 它 攻击 　 对象,"Anger,Love,Surprise","Hate,Anger",unLove
630,那些 花盆 俨然 成 它 运动场,"Anxiety,Anger,Love",Love,Love
631,可怜 盆花 们 让 你们 受 委屈,"Love,Sorrow","Love,Sorrow",unLove
632,没辙 只 能 向 邻居 道歉 并 表示 一定 严厉 管教 我家 淘气包,"Love,Anxiety","Love,Expect",unLove
633,后来 因为 我要 出 远门 才 过 天 女儿 就 大 电话 诉苦 不 愿意 为 它 洗澡 换 煤灰 而且 邻居 也 意见,"Anxiety,Hate",Anxiety,unLove
634,无奈 只 得 同意 女儿 建议 ： 把 它 送给 她 同学 去 养,Sorrow,Expect,unLove
635,女儿 反复 强调 她 同学 家里 所有人 都 很 喜欢 猫 他们 保证 一定 会 善待 我家 咪咪,"Love,Expect",Love,Love
636,其实 我也 顾不得 它,"Sorrow,Anxiety",,unLove
637,　　　 女儿 告诉我 这只 鬼精灵 咪咪 她 同学 刚刚 走 我家 楼下 时 它 就 不祥 预感,"Sorrow,Anxiety,Love",Love,unLove
638,竟然 怎么 哄 也 不肯 被 女儿 抓到 它,"Sorrow,Surprise",Anxiety,unLove
639,一阵 酸楚 眼里 热辣辣 东西 ． ． ． 后来 它 终究 还是 被 带走 ． ． ．,Sorrow,Sorrow,unLove
640,很 长 段 时间 都 时常 女儿 问问 她 同学 ＂ 咪咪 ＂ 过 得 怎样,"Expect,Love,Anxiety",Anxiety,unLove
641,长大 没有,"Expect,Love",Anxiety,unLove
642,他 父母 是否 喜欢 它,"Anxiety,Expect",Love,unLove
643,晚上 睡 哪里,"Anxiety,Expect",Anxiety,unLove
644,还是 会 当作 骄傲 公主 吗,"Anxiety,Love,Expect",Love,unLove
645,总 种 牵挂,"Sorrow,Anxiety,Love",Love,unLove
646,就象 牵挂 孩子 一样 ． ． ．,"Love,Sorrow",Love,Love
647,刚 坐定 首 非常 抒情 曲子 缓缓 响 起 餐厅 里 弥漫 着 心 一下 被 抓住 我不 知道 这 首 歌 名字 但 优美 旋律 就 这样 无意中 征服 静静 地 享受 着 音乐 抚慰 透过 玻璃窗 看着 外面 奔波 人 感动 莫名 想 流泪,"Love,Sorrow","Love,Joy",Love
648,问 一个 服务员 这 什么 歌,Expect,Expect,unLove
649,喜欢 听 阿桑 寂寞 在唱 歌 她 沙哑 嗓音 总是 轻轻 地 诉说 没有 刻意 没有 造作 现在 又 收获 她 另 首 好 歌,"Love,Joy","Love,Joy",Love
650,一个 朋友 说 音乐 疗伤 药,Love,Love,Love
651,但 对 来说 音乐 有时 像 根 刺 安静 空间 里 刺 着 心 当 泪水 不经意 间 流下 时候 我知道 这 感动,"Love,Sorrow","Love,Joy",Love
652,一个 人 可以 伪装 坚强 瓶 瓶 酒 喝 完 可以 说 没 醉 一根根 烟 吸完 也 可以 说 很 快乐 但 音乐 却 可以 剥 去 他 所有 伪装 让 一个 人 脆弱 暴露无遗,Love,Sorrow,Love
653,我爱 这些 打动 人 歌曲 一遍遍 执拗 地 听 着 听到 凌晨 五点 抬头 间 才 发觉 天 已 亮,Love,Love,Love
654,我把 认为 好 歌 推荐 给 朋友 他们 回复 说 存在 手机 里 天天 听,"Love,Expect",Love,Love
655,好 安慰 真的 希望 音乐 疗伤 药 能 医治 别人 心伤,"Expect,Joy",Expect,Love
656,就 像 阿杜 那 首 ａｎｄｙ 里 句 ： 希望 所有 好 朋友 都 能 站 起来,"Expect,Love","Love,Expect",Love
657,当 每个 人 心 都 被 厚厚的 灰尘 笼罩 时候 好 歌 让 人 突然 茫然 里 发现了 还有 爱 还有 情 还有 感动,Love,"Love,Sorrow",Love
658,我爱 逛 花市 去年 买 盆 兰花,Love,Love,Love
659,我知道 兰花 不 好 养 买 它 只是 因为 文学 缘故 梅兰 竹菊 兰 最 清雅 古典 文化 少不了 它,Love,Love,Love
660,我的 司机 嫌 这 盆 兰花 贵 告诉我 他 家乡 漫山遍野 地 都 都 比 这 好 副 鸡蛋 瞧不起 鸭蛋 架式 ； 我就 揶揄 说 赶 明 你 回老家 时 弄 几 盆 回来,Hate,Love,unLove
661,盆 兰花 在我的 办公室 窗台 上 勉强 生长 不死不活 地,Hate,Love,unLove
662,模模糊糊 地 记得 它 开 过 次 花 鼻子 凑 上去 嗅 嗅 花瓣 都 钻 进 鼻孔 中了 也 没 闻见 香味 ； 这种 改良 温室 花卉 徒 其表 副 不 负责 你 也 不 能 把 怎么样 态度,Hate,Love,unLove
663,这几 棵 兰花 品相 真 不 好看 有点儿 像 早年 菜市场 关 门前 散落 大葱 蔫 头 搭 脑 完全 提 不 起 精神 装 一个 劣质 口袋 里 ； 连 家门 都 没 让 它 进 就 把 它 装 盆 放 阳台 一角,Hate,Hate,unLove
664,五 天 以后 司机 告诉我 兰花 开花 狐疑 地上 阳台 看 一眼 支 梃 三 朵花 香气 流溢 这 让我 高兴 地 不行,"Joy,Love","Love,Joy",Love
665,司机 还 遗憾 地 说 这 家 支 梃 都 开 串 花 怎么 进 城 就 不行了 呢,Sorrow,Sorrow,unLove
666,古时 兄弟 结拜 递 上 兰谱 不 让 你 养 兰花 而是 告知 族 系 暗喻 大家 臭味相投 典 出 易经 ： 同心 言 其 臭 如 兰,Love,Love,Love
667,朋友 相约 茶社 喝茶 说 实话 对 茶 并 没有 特别 感觉 但 盛情 难 却,Love,Love,unLove
668,几 朋友 皆 为 大我 许多 重量级 人物 等 急 匆 赶到 时 他们 早已 品 半天,Anxiety,"Love,Joy",unLove
669,环境 很 静 一个 大大的 松木 茶 台 就 几 人 橱窗 里 全 普洱,Love,Love,Love
670,风 从 开 着 窗户 飘 过来 茶 香 屋子 里 弥漫,Love,"Love,Joy",Love
671,从 喧闹 街上 回归 如此 安静 氛围 突然 种 轻松 享受,Love,"Love,Joy",Love
672,茶 艺师 用 娴熟 手法 斟茶 味道 苦苦 太 浓,"Love,Hate",Love,unLove
673,她 说 喝 过 几 道 茶会 种 甜 味道,Love,Love,Love
674,朋友 们 都 饶有 兴致 他们 工作 繁忙 难得 来 品 这 茶 清香 现在 只 谈心 闲聊 幸福 真实 写在 脸上,"Joy,Love","Love,Joy",Love
675,从 两点 坐 四 点 不 需要 任何 喧 泄 也 没有 任何 非 短 流 长 一切都 顺 其 自然 缈缈 尘世 身处 静 空间 短短的 小时 里 体验 另 种 生活 态度 这种 体验 让 人 回味无穷,Love,"Love,Joy",Love
676,但 让 更 收获 ： 倾听 比 倾诉 更 重要,Joy,"Love,Joy",Love
677,听 朋友 讲 故事 从 年长者 那 吸取 真经 体会 做人 真谛 ．,Love,"Love,Joy,Expect",Love
678,再 品茶 时 果然 甜味,Love,"Love,Joy",Love
679,昨天 晚上 与 朋友 出去 天上 开始 飘 起 雪花 雪 灯光 下 总是 显得 夸张 纷纷扬扬 让 干 透 北京 分 湿润,Love,"Love,Joy",Love
680,朋友 说 忘 去 洗 露天 温泉 泡 温泉 里 看 飞 雪 会 十分 惬意 这 让 我又 想起 日本 北海道,"Love,Joy","Love,Joy",Love
681,早晨 上班 路上 积雪 早已 扫 掉 美丽 雪 城市 受 欢迎 程度 总是 有限 ； 人类 忙 雪 城市 帮 不 太 大 忙 都 添乱 交通 一旦 拥堵 多少 人 都 会 为此 着急,"Anxiety,Love,Hate","Love,Anxiety",unLove
682,随手 打开 今天 报纸 报纸 标题 人工 增 雪 让 哑然,Surprise,,unLove
683,说 心 里 话 人工 增 雪 让 联想 丰胸 与 假 唱,Hate,"Love,Joy",unLove
684,人类 开始 变 得 有些 可怜 冬天 不 雪 违背 自然 常规 ； 眼 瞅 着 冬 即将 过去 人工 增 雪 说 来 也 违背 常规 矫 情事 可 由于 无 柰 出此下策,"Sorrow,Hate","Anxiety,Sorrow,Hate",unLove
685,记得 １９７１年 １９７２年 初春 ３月 ２２日 那 天下 场 大雪 积雪 没 膝 银装素裹 我还 那天 照了 像 估计 好好 翻翻 还 能 找到 那张 旧照,Love,"Love,Joy",Love
686,给 我的 概念 大自然 享受 不 尽 上苍 恩赐 无论 老少 无论 贫富 它 都 会 一样 地 对待 取之不尽 用之不竭,Love,Love,Love
687,可 仅仅 代 人 时间 就 恍惚 感到 大自然 并非如此 慷慨 并非 能 长久 地 照顾 人类,Sorrow,Love,unLove
688,此 压力 下 开始 省悟 提 出 和谐 这个 和谐 除去 人际 关系 还 应 包括 天际 关系,Anxiety,"Love,Expect",Love
689,手机 除夕 那天 涌进 上千 条 信息 不堪重负 彻底 死 机,Sorrow,Anxiety,unLove
690,节日 这几 天 也 修 不 只好 寻 出 旧 手机 凑合 着 用,Sorrow,Expect,unLove
691,旧 手机 也 毛病 一会儿 关机 就 象 照 顾 病人 一样 一会儿 一看 其 实心 点儿 烦,"Hate,Anxiety",Anxiety,unLove
692,过 节后 马上 买 一个 新款 手机 智能型,Love,Expect,Love
693,过去 款 电话 据说 也 很 高 科技 含量 但 只 能 存 １０００ 组 电话 加之 电话 ＳＩＭ 卡 还 能 存 ２５０ 电话 当 满额 新 储存 一个 就 得 删除 一个 麻烦 得 很 也 没 办法,Hate,Anxiety,unLove
694,新 智能 手机 很 不 好使 设置 过多 过 繁 使用 极 不 方便,Hate,"Anxiety,Hate",unLove
695,对于 这等 年纪 科 残 只 指望 手机 简单 实用 那些 花 活 没用 全 资源 浪费,"Hate,Expect","Anxiety,Hate",unLove
696,可 设计 手机 科学家 不 这样 认为 认为 功能 越多 越好 有点儿 象 暴发户 请客 点 桌子 菜 基本上 没 动 筷子 就 又 端 下去 造成 浪费,Hate,Hate,unLove
697,手机 普及 以来 渐渐 演变成 现代人 亚 器官 变成 嘴巴 耳朵 大脑 延伸 副 替 人类 肩负 重任 样子,Hate,"Love,Expect",Love
698,商业 上 追求 让 手机 变 得 肆无忌惮 不 分 对象 地 让 每 部 相同 型号 手机 都 一堆 功能 如同 让 孩子 们 都 去 学 音乐 绘画 书法 游泳 等等 生怕 成 不 全才,"Hate,Anxiety",Expect,unLove
699,手机 也 应 这样 期望 厂家 能 开拓 一下 个性化 手机,"Expect,Love",Expect,Love
700,谁 发明 这样 简单 实用 手机 我愿意 出 高价 购买,"Expect,Love","Love,Expect",Love
701,今天 开始 过年 比 往年 提前 天 显得 比较 人情味,Love,Love,Love
702,过去 年三十 都 还 忙 记得 我曾 ２０ 多 年 前 写 过 篇 小说 就 描写 一个 人 在年 三十 还 在为 生活 奔波 所 描绘 都 真 人 真事 今天 想 起来 还有 几 分 酸楚,"Sorrow,Anxiety","Love,Sorrow",Love
703,这些年 百姓 生活 好 许多 虽然 年 味儿 淡 但 过年 质量 提高 不 少 吃喝 对 大部分 人 已 不再 发愁 事 ； 所以 过去 吃 乐趣 消失 由此 显得 年味儿 不足,"Love,Anxiety",Joy,unLove
704,好在 又 允许 放 爆竹 爆竹声 最 能 传递 过年 信息 这 让 过年 又 像 过年,"Love,Joy",Joy,Love
705,爆竹 中华 民族 传统 文化 可见 文化 作用 多 大,Love,"Love,Joy",Love
706,农历 戊子 鼠年 即将 过去 己丑 牛年 马上 到来,Expect,Expect,Love
707,今年 中华人民共和国 建国 ６０ 周年 大庆 所以 就要 阅兵 让 世界 人民 看看 中国 变化,Joy,"Joy,Expect",Love
708,报载 ２００８年 国民 生产 总值 超过 ３０ ０００ ０００ ０００ ０００ 人民币 每个 中国 人人 均 创造 ２３ ０００ 元 这 一个 了不起 数字 再有 ６０ 年 中国 会 成 为什么 样子 还 不 敢 设想 但 清楚 照此 发展 下去 中国 会 那时 成为 世界 第一 强国,"Expect,Love","Joy,Expect",Love
709,新年 照例 给 大家 拜年 ： 牛 中国 传统 文化 踏实 肯 干 形象 憨厚 并无 斗志 ； 斗牛 则 为 欧 美 文化 进入 中国 水土不服 所以 牛市 老 不 牛,Love,Love,Love
710,时 逢 己 丑 未 都 拱手 长揖 祝 各位 牛 年 安康 如意 吉祥,"Expect,Love","Love,Joy",Love
711,另 我的 瓷 色 从 初一 初七 分 七 段 登 博客 上 为 大家 春节 期间 消遣,"Expect,Joy",Love,Love
712,紫禁城 最 喜欢 杂志 之一 同类 专业 杂 志中 紫禁城 显得 奢华 开本 大 图片 精 作者 队伍 一流,Love,Love,Love
713,喜欢 传统 文化 读者 读 兴奋,"Love,Joy","Love,Joy",Love
714,由于 故宫 得天独厚 条件 紫禁城 常常 刊登 出 别处 看 不 资料 照片 创刊 ３０ 年 以来 它 对 我的 帮助 很 大,Love,Love,Love
715,以 文化 而 论 故宫 民族 文化 遗产 宝库 尽管 相当 批 精品 因 战乱 迁 至 台湾 但 故宫 仍 保留 相当 数量 门类 丰富 文物 加之 解放 ６０ 年 来 国家 征集 个人 捐献 文物 也 不在少数 故宫 收藏 可以 说 基本上 构成 民族 文明 进程 图表,Love,Love,Love
716,欣赏 并 学习 这张 文明 进程 图表 对 谁 都 终身 事 尤其 对 专业 人员 越 往 深 走 难度 越大 有时候 越 会 深不见底 恐惧 感,"Anxiety,Love",Love,unLove
717,反而 外行人 胆大 肆意 容易 获得 浅尝辄止 快感 炫耀 起来 眉飞色舞 总是 意犹未尽,"Joy,Love",Joy,unLove
718,早年 我就 这样 但 随着 对 文物 了解 深入 胆子 越发 小了 战战兢兢 如临深渊 如履薄冰,Anxiety,Anxiety,unLove
719,故宫 院刊 紫禁城 我的 良师 我以为 学习 文物 知识 实践 第一 理论 第二 老师 第三,Love,Love,Love
720,当年 由于 老师 难觅 只好 勇于 实践 苦读 书本 ； 每个 月 盼 着 紫禁城 这样 专业 杂志 出版 收到 杂志 第一 宿 一定 抱 着 它 睡 享受 文化 带来 无尽 快乐,"Joy,Love,Expect","Love,Expect",Love
721,今年 我为 紫禁城 写 年 连载 选题 定 为 瓷 色 陶瓷 装饰 釉色 与 纹饰 大 手法 釉色 比 纹饰 玄妙 探讨 这种 玄妙 对 我也 挑战 但 乐趣 无穷,"Love,Expect","Love,Joy",Love
722,ＣＣＴＶ －１ 每晚 ２２ ： ３０ 播出 台北 故宫 １２ 集 电视片 昨天 已 播 至 第四 集 这套 片子 与 前年 播 故宫 姊妹篇 可惜 看到 目前 让 人 有些 失望,Sorrow,Sorrow,unLove
723,这 其中 历史 原因 复杂 时局 动荡 才 导致 国宝 们 背井离乡 令 人 痛惜,"Sorrow,Hate",Sorrow,unLove
724,为了 拍 好 这部 片子 编导 们 费 好 大 精力 其间 也 找 过 多次 取经 寻问 了解 如何 展现 台北 故宫 精华 还 曾 和 约定 让 台北 故宫 以 导游 形式 带领 观众 参观,"Expect,Anxiety",Expect,Love
725,可 因为 某种 原因 此事 泡汤,Sorrow,Joy,unLove
726,已 播出 几 集 可以 看出 编导 们 努力 前 集 找 大量 历史 资料 讲述 国宝 南迁 最终 至 台湾 不易,Love,"Sorrow,Expect",Love
727,那些 旧 中国 旧 知识 分子 为此 守业 其 敬业 精神 至 今 感人 唏嘘,Love,Love,Love
728,国民党 当局 退 至 台湾 这 批 民族 瑰宝 先 藏匿 深山 修 装 展馆 也 给 他们 心灵 上 慰藉 让 其 败 境 还 一丝 安慰,"Joy,Love,Sorrow","Love,Joy",Love
729,可 从 第三 集 起 就 可以 看出 编导 们 专业 上 不足 东拼西凑 感 还 请 一些 不 专业 人为 专业 评价 显得 幼稚,Hate,Hate,unLove
730,甚至 第四 集 让 台湾 一个 做 新 瓷 仿 品 人大 谈 特 谈 副 非 诚 勿扰 广告 嫌疑 让 观者 无法 不 去 生疑,Anxiety,Love,unLove
731,台北 故宫 当年 把 故宫 精华 运 离 家乡 民族 无奈 和 伤痛 中华 民族 盼望 天 儿女 们 回归 这 天 想 一定 不 远,"Expect,Sorrow","Anxiety,Sorrow",Love
732,我曾 听到 青花瓷 第一 时间 里 写下 篇 短文 指出 歌词 处 瑕疵 如 能 改动 歌词 会 更加 完美,"Love,Hate",Love,Love
733,我对 流行歌曲 此举 完全 率 性 而 为 原因 从未有过 这样 内容 流行歌曲 传统 文化 淋漓尽致 地 推 至 前台,Love,"Love,Joy",Love
734,从那之后 我又 看 数 首 方 文山 歌词 颇感 有趣,Love,Love,Love
735,较之 那些 无病 呻吟 歌词 方 文山 歌 写 得 古风 习习 韵味 无穷,Love,Love,Love
736,年轻 时 也 喜 创作 眼高手低 所以 至少 二十 年 不再 创作 也 不 去 欣赏 味同 嚼 蜡 创作 ； 觉得 大千世界 芸芸众生 欣赏 实景 已 来不及 就 不再 耗费 人生 欣赏 那些 劳什子,"Love,Hate",Love,unLove
737,今天 湖南 台 零点 锋 云 安排 下 与 方 文山 一晤 匆匆 聊 聊 他 歌词 创作 聊 得 投机 他 送 本 新书 中国 风 收录 他 歌词,Joy,"Love,Joy",Love
738,歌词 结集 并 不 多 见 从中 可以 看出 方 文山 从 内心 喜爱 中国 传统 文化 而 不 应 景 生 往 古典文学 上 靠,Love,Love,unLove
739,所以 他 娘子 东风破 发 如雪 菊花 台 等等 都 写 得 回肠荡气 不 听 歌 仅 读 歌词 就 感慨万千,Love,Love,Love
740,一直 强调 文化 由 精英 创造 大众 传播,Love,"Love,Expect",unLove
741,以 流行歌曲 形式 如此 广泛 地 传播 传统 文化 方 文山 前 恐 无 人 去 做,Love,"Love,Joy",Love
742,今天 社会 已 无可 避免 地 淡化 传统 文化 重新 拾 起 它 又 做 得 旌旗 猎猎 并非 易事,"Anxiety,Love",,Love
743,远离 文化 过 久 感情 自然 淡 许多 重新 唤回 民族 文化 情感 尚有 漫长 路 走,"Expect,Anxiety",Expect,unLove
744,从小 处 做 起 方 文山 走 他 坚实 步 不管 你 认可 流行歌曲 与否 一支支 流行歌曲 早已 今天 年轻人 之间 传唱 不经意 间 感染 着 缺少 传统 文化 年轻 一代,Love,"Love,Joy",Love
745,下班 时 急 着 把 摞 书 放 进 口袋 由于 书 多 放 时候 还 犹豫 一下 是否 分 次 拿 可心 懒 捏 住 摞 书 就 塞 进 书袋 手 歪 拇指 被 本 厚 杂志 封面 剌 一个 口子,"Sorrow,Anxiety","Anxiety,Expect",unLove
746,口子 挺 深 鲜血 毫不客气 地 流 十指连心 地 疼,Sorrow,Love,unLove
747,吸 溜 着 嘴 也 吸 溜 着 心 处 找 创可贴 我知道 厨房 一定 备有 那 玩艺儿 但 想不起 厨房 电话 就 问 办公室 办公室 说 随即 包 上 了事,Anxiety,"Joy,Expect",Love
748,说来 也 怪 创可贴 可能 止痛剂 贴 上 立马 就 不怎么 疼 以至 睡觉 前 好 伤疤 忘 疼 　,"Joy,Surprise,Hate",Anxiety,Love
749,我看 那 创可贴 有点儿 脏 想在 睡觉 前 换 块 忽然 想 起 小时候 受伤 包扎 情景,"Sorrow,Hate",Joy,Love
750,这 代 人 小时候 摸 爬 滚 打 不 受伤 不 算是 男子汉 记得 受伤 医务室 包扎 清创 不管 多 大 伤口 护士 用 都 生理盐水 那个 疼 才 叫 真正 疼,Sorrow,Sorrow,unLove
751,然后 过 几 天 等到 包扎 纱布 脏得 成 黑 蛋 才 又 去 医务室 换药 换药 时 护士 也 重手 重 脚 一点儿 怜悯 心 都 没有,Hate,Anxiety,unLove
752,现在 可 方便 在家 换 于是 我就 撕下 创可贴 看 看 伤口 已经 愈合 也 不 疼 心 里 犹豫 还 用不用 再 贴 块,"Anxiety,Joy","Joy,Expect",unLove
753,结果 脱衣 时 不知 怎么 又 碰 一下 伤口 伤口 裂开 血流 如注 比 受伤 时 还 邪乎 疼 得 都 找 不 创可贴 心 大 悔 何苦 来哉,Sorrow,"Anxiety,Sorrow",unLove
754,每个 人 生活 中都 这样 小事 自作 聪明 忽略 事情 潜在 危险 有时 心里 预感 也 满不在乎 总 怀有 侥幸 心理 ； 但 事实 大都 无情 教训 实属 正常,"Sorrow,Anxiety,Hate",Anxiety,unLove
755,只是 能否 重视 教训 接受 教训 改正 错误 手上 剌 口子 小事 大事 不 记 教训,Sorrow,Expect,unLove
756,天下 雪 为 谭 雪,Love,Love,Love
757,谭 雪 把 弹 剑 视为 弹 雪,Love,Love,Love
758,她 剑锋 所 弹 出 心曲 弹 出 意境 渐渐 逼近 北京 奥运会 金牌,"Love,Expect","Love,Joy",Love
759,紫禁城 下 中轴线 北端 奥林匹克 公园 击剑 馆 雨 夜 气 泛起 微 凉 但 剑气 却 森 寒,"Anxiety,Love",Anxiety,Love
760,虽然 盛夏 但 天下 雪 雪意幽深 雪 势 强劲,Love,Love,unLove
761,这 雪 来自 中国 女子 佩剑 第一 剑客 谭 雪 与 诡异 乌克兰 女 剑 手 窒息 般的 论剑 留下 串 忧愤 难 平 雪 怨,"Sorrow,Anxiety,Hate","Anxiety,Sorrow",unLove
762,这 来自 天津 塘沽区 美妙 剑客 六 年 前 曾 剑 扫 里斯本 夺得 ２００２年 世锦赛 女子 佩剑 个人 冠军,Love,Love,Love
763,但 这也 天下 雪 目前 为止 惟一 世界 冠军,Sorrow,"Love,Joy",unLove
764,２００３年 世锦赛 她 身为 亚军 ； ２００４年 雅典 奥运会 她 挂 上 银牌 ； ２００８年 北京 奥运会 她 折 剑 于 女 佩 个人 八 强 战,Sorrow,Joy,unLove
765,以 天下 雪 很 想 女 佩 团体 乌 决战 身前 悬 金,Expect,Expect,Love
766,但是 谭 雪 拿 依然 银牌 尽 咫尺 金牌 乌克兰 人 冷 血 追 击中 渐渐 模糊 渐渐 遗落,Sorrow,Sorrow,unLove
767,对手 冷 血 像 簇簇 冷 雪 笼罩 着 谭 雪 谭 雪 已 无力 弹 雪 雪 很 沉 很 厚 压在 谭 雪 意识 压在 她 玉 腕 上 压在 她 剑锋 上 压在 必须 分 出 胜负 那 一剑 上,"Sorrow,Anxiety","Anxiety,Sorrow",unLove
768,那 一剑 风情 哪里,"Expect,Sorrow",Sorrow,unLove
769,那 一剑 风情 雪里,Love,Love,Love
770,但是 雪 已 止住 一剑 无力 封 喉 一剑 竟然 沉沦,"Sorrow,Surprise","Anxiety,Sorrow",unLove
771,谭 雪 把 一个 奢华 赛点 让给 对手 ４４ 平 最后 一剑 比 电光石火 慢 多,Sorrow,"Love,Joy",unLove
772,为什么,"Anxiety,Sorrow,Surprise",Anxiety,抱歉，我无法判断该段文本的情绪，因为我无法判断您的情感倾向。如果您能提供更多信息，我可以尽力帮助您分析文本情感。
773,因为 裁判 都 看 晕 录像 都 分辨 不 清 鹰眼 都 接近 崩溃 双方 得分 灯 同时 亮 进入 裁判 漫长 分析研究 阶段,Anxiety,Expect,unLove
774,谭 雪 和 对手 等待中 期待 命运 垂青 这种 等待 对 剑客 痛苦 也 很 无聊,"Sorrow,Anxiety,Expect,Hate","Anxiety,Sorrow,Expect",unLove
775,这 也许 就 击剑 运动 胜负 理念 上 不足 关键 时刻 需要 裁判 干涉 决定 胜负 人为 因素 多 不 够 自然,"Hate,Anger",Anxiety,unLove
776,裁判 却 各 打 五十 大 板 当 一个 老好人 判 谁 都 不 得分 继续 最后 一剑 定 输赢,"Hate,Anger",Expect,unLove
777,天 这 剑 不 算,"Anger,Surprise",Love,unLove
778,裁判 不解 谭 雪 那 剑 风情 如此 气 夺 风云 一剑 只 算作 刺中 空气 化为 无稽 谈 沦为 片 荒诞,"Sorrow,Anger,Hate","Anxiety,Hate",unLove
779,这要 武侠 大师 古龙 和 温 瑞安 现场 看 比赛 早 跟 裁判 急 你 这么 把 高手 剑 给 毁 吗,"Anger,Hate,Anxiety",Anger,unLove
780,西门 吹雪 和 叶 孤城 更 急 俩 高兴 比 剑 决 胜负 还 裁判 跟 这儿 五迷 三 道 决策者,"Hate,Anger,Anxiety",Joy,Love
781,这 剑 无 胜负 下 剑 请 出手,Expect,Expect,unLove
782,我再 说 遍 —— 电光石火 间 不 电光 火石 间 后面 那 病句,Hate,Expect,unLove
783,焦灼 等待 谭 雪 剑气 已 散 对手 哈 兰 剑 锋 正 锐 哈 兰 让 过 谭 雪 突刺 回手 一剑 正中要害,"Sorrow,Anxiety","Anxiety,Expect",unLove
784,中国 剑客 没有 绝尘 而 去 金牌 却 已 绝情 而 去 这个 哈 兰 中国 女 佩 梦幻 开局 无情 击 碎 中国 剑客 十 剑 领先 巨大 优势 生生 逆转 难道 非得 请 出 西门 吹雪 才 能 制服 神奇 哈 兰,"Sorrow,Expect,Hate","Love,Sorrow",unLove
785,天下 瑞雪 剑 坛 谭 雪 白衣 胜 雪 年代 里 也 一剑 伤 悲,Sorrow,Sorrow,Love
786,中国 剑客 最后 一剑 倒下 裁判 稀奇 古怪 判罚 饮恨 事例 已经 很 多 虽然 雪 满 山 高士 卧 但 天下 雪 时节 有时 也 沉冤 难 雪,"Sorrow,Hate",Love,unLove
787,这 不平 夜 为 谭 雪 奏 曲 天下 雪 好 吗,"Expect,Love","Love,Expect",Love
788,还有 一首歌 叫 认真 雪 不知 夙愿 未了 谭 雪 一旦 认真 起来 能否 她 ２８ 岁 时 还 能 携 剑 于 伦敦 城下 再次 慷慨 论 剑,"Expect,Love",Expect,Love
789,相信 她 —— 能,"Expect,Love","Love,Expect",Love
790,因为 天下 雪 还 未 一剑 平 天下,"Expect,Love",Expect,unLove
791,深夜里 正 做 着 一个 遥远 梦 迷迷糊糊 就 听见 声 巨响 浑沌 就 知道 猫 闯祸,Anger,Anxiety,unLove
792,定 定神 才 爬 起来 看见 客厅 桌子 上 花瓶 已 不 桌上 碎 成 无数 瓣 满地 狼藉 鲜花 躺 地上 依旧 还是 那么 鲜艳 全家 都 起来 可 猫 们 早已 不知去向,Anger,Love,unLove
793,如果 我还 年轻 肯定 会 大呼小叫 地 斥责 猫 们 也 不管 哪 只 猫 干,Anger,Love,unLove
794,这会儿 估计 猫 也 知道 错 它们 最 清楚 谁 闯 祸 谁 被 冤枉 可 不 知道 所以 不 能 一概 批评 只好 本着 疑罪 从 无 现代 法律 精神 不 追究 任何 只 猫 错误,Anger,"Hate,Anger",Love
795,只 猫 都 新 来 昨天 进 家 犄角 旮旯 躲 天 今天 刚刚 适应 环境 就 闯下大祸,Anger,Anxiety,unLove
796,书 上 和 主人 都 告诉我 这种 猫 叫 布偶 猫 温顺 老实 恬静 文雅 会 成为 你 愉悦 伴侣,"Love,Joy","Love,Joy",Love
797,这 深更半夜 老实 文雅 猫 让 我再 也睡 不 着 颇感 种 幽默 愉悦,"Joy,Love","Love,Joy",Love
798,人生 许多 成熟 标志 会 表现 小处 不经意 心态 如果 玩味 才 知 什么 人生 成熟,Love,"Love,Joy,Expect",Love
799,斥责 别人 犯 下 错误 不 施以 宽容 态度 乃 人之常情 犯 错误 理应 承担 责任 乃 人 常理 但 人生 玄妙 正 在于 此 不 常情 常理 就 一定 表达 而 可以 选择 另 种 态度,Love,"Love,Expect",unLove
800,这 态度 就 随遇而安 宽容 为 怀,Love,"Love,Joy",Love
801,年轻 时 做到 这 层 恐 困难,Anxiety,Anxiety,unLove
802,经历 多 阅历 深 就 会 日积月累 经验 转化 为 种 自觉 行为 不 去 计较 人生 不可避免 小事,Love,"Joy,Expect",Love
803,我对 人生 态度 事情 再大 也 小事 人情 再 烦 也 喜剧 ； 小事 善待 喜剧 看待 世界,Love,Love,Love
804,多年 以来 一直 对 多 算命 相面 看 手相 等 均 持 不 信 态度,Hate,Hate,unLove
805,年 编辑部 办 笔会 与会 作家 们 个个 都 人 尖子 能掐会算,Love,Joy,Love
806,一个 作家 算命 本事 大 文学界 颇 名气 早有 耳闻 所以 那 次 笔会 闲暇 时光 大家 都 依次 找 他 挂号 算命 以 博一 粲,"Love,Expect","Love,Expect",Love
807,领导 那 次 心血来潮 创作 班 来 探望 顺便 预定 请 他 算命,"Expect,Love","Joy,Expect",unLove
808,由于 领导 他 就 不 能 信口 开河 郑重 定下 时间 第二 天 午休 正式 算命 还 装模 作样 地 表态 说 得 认真 准备 一下 云云,Hate,Expect,unLove
809,当天 夜里 这位 算命 作家 敲 开 我的 门 与我 殷勤 地 聊天 话 老 往 领导 过去 上 引,Love,Love,unLove
810,我不 省 油的 灯 敏感 地 发觉 他 聊天 目的 告诉 他 领导 过去 等 明天 算命 再说,Anxiety,Expect,unLove
811,算命 大师 一看 事情 败露 索性 直言 告 算命 不过 游戏 多 了解 一下 背景 做 一下 功课 就 假戏真做,Hate,,unLove
812,为了 第二 天 游戏 把 所 知 领导 秉性 以及 过去 点滴 全盘 托 出,Hate,Expect,unLove
813,第二 天 算命 时 我不在 现场 但 事后 领导 拍 着 肩膀 说 大师 就 大师 不服 不行,Love,"Love,Joy",unLove
814,本想 戳穿 大师 但 看 领导 深信不疑 兴奋 劲儿 也 没 好再 当众 泼冷水,Hate,,unLove
815,这 事 让 我对 算命 印象 非常 不好,Hate,Anxiety,unLove
816,其实 算命者 都 心理学家 有的 无师 自通 感受 对方 心理 变化 时 做 娴熟 尽量 选择 模棱两可 语言 一旦 发现 与 事实 不符 还有 弥补 机会 心理 大师 加上 语言 大师 再 加上 忽悠 民间 就 会 称 他 算命 大师 几十 年 来 我见 过多 人 大同小异,"Hate,Love",Love,unLove
817,音乐 最早 传播 形式 就 无线 但 限定 听力 所 及 范围 内 演唱 演奏者 听众 随时 可以 亲近 人,Love,"Love,Joy",Love
818,但 留声机 发明 音乐 一改 古老 传播 形式 通过 媒介 无 地域 限制 地 更加 广泛 传播 开来 听众 与 演员 可以 不 见面 后来 收音机 录音机 ＶＣＤ ＤＶＤ ＭＰ３ 以及 手机 网络 下载 使 音乐 更加 广泛 传播 并 没有 国界,Love,"Love,Joy",Love
819,中国 移动 一年 一度 音乐 下载 总结 —— 咪咕汇 北京 工人 体育馆 盛装 举行,Love,Joy,Love
820,应邀 与 余 秋雨 先生 一同 为 王 力宏 周杰伦 成 龙三 人 宣布 成果 每个 人 头衔 不 同 王 力宏 —— 下载 最 畅销 歌手 ； 周杰伦 —— 最佳 创作 歌手 ； 成龙 —— 最 具 爱心 金 曲 ； 现场 观众 热情 四射 尖叫声 一阵 高 过 一阵 这 让 深知 今天 大众 文化 重要性,"Love,Joy","Love,Joy",Love
821,年初 时候 周杰伦 在春 晚上 唱 曲 青花瓷 歌词 优美 曲调 委婉 让 惊讶,"Love,Surprise","Love,Joy",Love
822,青花 这样 一个 本 与 歌曲 似乎 无关 事物 竟然 出现 在春 晚 这 最佳 传播 平台 可见 社会 文化 需求 已 踏 上 一个 新 层面,"Love,Surprise","Love,Joy",Love
823,我为 此 写 过 短文 推崇 过 这种 精神 文化 行为 所以 我在 晚会 上 说 ： 我在 百 家 讲坛 讲 十 课 青花瓷 不 敌 周杰伦 唱 支 青花瓷 ； 并 希望 他 机会 把 中国 陶瓷 创作 出 一个 系列,"Love,Expect","Love,Expect",Love
824,中国 移动 推广 无线 音乐 显然 超出 预设 功能 范围 ； 利用 无线 电话 普及 把 音乐 再度 扩大 普及 机会 历史性 地 交给 移动 打开 条 又 新 又 广 通道 使 无线 真正 地 无线 让 历史 无线 拓展 不再 任何 限制 受惠 于 更 多 人,"Love,Expect","Love,Joy",Love
825,离开 北海道 最后 天 又 大雪纷飞 尤其 北海道 著名 小 樽 滑雪场 其 雪 状态 只 字 可以 形容 —— 肆虐,"Hate,Love","Love,Anxiety",unLove
826,大雪 使 世界 失去 颜色 只留下 白色,"Hate,Sorrow",Sorrow,unLove
827,即使 你 目力 再好 也 看 不 透 纷纷扬扬 雪花 北海道 雪花 像 画笔 一样 笔 又一 笔 地 涂抹 大地 直到 天地 间 变成 完全 洁白 世界,Love,Love,Love
828,上山 时 尽管 风 带 雪 但 脚下 鞋子 还是 挺 给 劲儿 试 几 下 并不 滑,Love,Love,Love
829,走 最后 慢慢 欣赏 这 难得 美景,Love,Love,Love
830,由于 天 冷 只好 把手 揣 裤兜 里 奋力 迎风 上坡 谁知 大雪 填平 一切 坑洼 一个 趔趄 终于 也没 挺住 直挺挺 地 一个 马趴 摔倒 在地 上,Hate,Joy,unLove
831,清楚 地 看见 雪地 迎面 而 来 双手 被 限 没 能 帮 上 任何 忙 就 听 胸前 嘎吱 声响 然后 就 剧烈 疼痛 抬 一下 头 看见 前行 不 止 队伍 一瞬间 有些 绝望 想起 当年 红军 爬 雪山 掉队 同志 们,Sorrow,"Anxiety,Sorrow",unLove
832,终于 有人 看见 摔 风雪 向 跑 来 搀扶 起身 拼命 站 起来 这 种 耻 感 文化 作用 据说 中国 人 耻 感 文化 特重 让 人 搀扶 不 用的 表现,Hate,"Hate,Anger",unLove
833,可 没有 和 每 一个 着 中国 传统 文化 人 一样 逞能 眼 都 疼 黑 还 嘴硬 说 没事 硬撑 着 大家 同 去 同 回,"Sorrow,Hate","Anxiety,Anger",unLove
834,摔 一跤 不 光荣 也 不 算 耻辱,Sorrow,Sorrow,unLove
835,幼时 不会 走路 小心 摔跤 ； 老 依赖 经验 更 小心 摔跤 好在 这次 伤 得 不 重 伤 北海道 风雪,"Anxiety,Sorrow","Joy,Anxiety",unLove
836,今天 西方人 除夕 华灯 初 上 时 就 算是 平安夜,Love,Joy,Love
837,除了 电视台 没有 春 晚 外 街上 热闹 不 比 过年 差,Love,Joy,unLove
838,红男绿女 过 洋 节 也 不管 这些 该 开车 还 开车 该 打 车 还 打 车 就算 堵 路上 欣赏 一下 洋 节 街景 也 不失 件 快乐 事,"Joy,Love","Love,Joy",Love
839,掰 着 指头 算 这 洋 节 咱 也 没 过 几 年 甭 说 小时候 就 成人 也 搞 不 清 平安夜 究竟 哪 天 圣诞老人 早年 记忆里 非常 模糊 象 遥不可及 童话,Love,Love,unLove
840,改革 开放 圣诞节 随 西 方 资金 一同 涌进 中国 很快 生根 发芽 让 中国 人 尤其 商人 不得不 重视 这个 节日 摆 几 棵 圣诞树 挂 一溜 彩灯 树 底下 放 些 空空如也 礼品 包 装装样子 ……,Hate,Love,Love
841,这些年 西洋 新年 比 新年 城市 里 还 显得 隆重 聚餐 表演 抽奖 把 外国人 家庭 亲情 转化 为 社交,Love,"Love,Joy",Love
842,什么 事 中国 准 得 改变 一些 圣诞节 西方人 眼中 家庭 团聚 守候 新年 到来 亲情 融融 而 除夕夜 也 这样 不 放 爆竹 不 出 屋 包包 饺子 享受 亲情 ……,Love,"Love,Joy,Expect",Love
843,中国 文化 几千 年 积累 中大量 吸取 外来 文化 农 耕 民族 与 游牧 民族 轮流 执政 历史 中华 民族 大量 吸收 改良 外来 文化 让 一切 可能 为 所 用 文化 融 进 古老 中华 文明 之中 正是 这种 海纳 百川 有容 乃大 襟怀 让 中国 人 享受 文化 同时 还 能 享受 外来 文化,Love,"Love,Joy,Expect",Love
844,一般 人 一般 不 去 设想 老 时候 说 老 指 丧失 活力 行动 受限 思维 迟钝 甚至 大脑 萎缩 总之 需要 别人 照 顾 才 能 生活 这样 种 境地,"Hate,Sorrow","Anxiety,Sorrow",unLove
845,随着 生活 质量 提高 医学 进步 文明 进一步 提 出 要求 全体 社会 必须 考虑 老年人 生存 质量,"Love,Expect",Expect,Love
846,日本 老人院 看到 令 人心 颤 幕 多 老年人 如同 孩童 一般 围 坐 桌子 面前 每个 人 脸上 表情 完全 副 天真 孩子 像 先是 惊愕 片刻 然后 渴望 交流 那些 志愿者 则 象 哄 孩子 似的 做 着 幼儿园 小班 常见 游戏 竭力 让 他们 开心,"Sorrow,Expect,Surprise","Love,Joy",Love
847,而 老人 对 游戏 反应 真诚 但 不如 孩子 们 灵活 让 人 看 五味俱全,"Sorrow,Love",Love,unLove
848,每 一个 人 都 会 老 但 不一定 老 一定 这 副 境地,Sorrow,,unLove
849,许多 人 可能 没 这 地步 就 寿终正寝 所以 并不 关心 老龄化 问题,Sorrow,,unLove
850,目前 医学 还 没 办法 不 让 大脑 萎缩 什么 器官 都 可能 换 掉 但 大脑 不 可能 换 掉 就算 今后 科学 发达 大脑 也 可以 换 新 但 换 也 就 不 你,Sorrow,"Anxiety,Expect",unLove
851,医学 可悲 在于 局限,"Sorrow,Hate","Anxiety,Sorrow",unLove
852,生老病死 人生 几 层面 状态 仔细 想想 很 深 哲学 问题 一两 句 话 也 说 不 清楚 没 人 怕生 但 没 人 不怕 老 不怕 病 不怕死,"Anxiety,Sorrow",Anxiety,unLove
853,自然界 不管 你 怕 不怕 它 一定 按照 规律 生老病死 万物 轮回,Sorrow,,Love
854,知道 这 点 就 应该 珍惜 年富力强 照顾 别人 衰老 病重 今天 老人院 书法展 览 上 看见 一老 人 写下 不惜 身 命 四 字 时 心中 感慨万千,"Sorrow,Expect",Love,Love
855,我被 新浪 评 上 本 年度 文化 人物 多少 有些 意外 主要 本来 不 上网 只是 ２００８年 开始 新浪 开 博客 以 感谢 来自 多方 网友,"Love,Surprise","Love,Joy",Love
856,网络 好处 即时 沟通 没有 界限,Love,"Love,Joy",Love
857,过去 与 生人 沟通 程序 复杂 人数 也 极为 有限 但 网络 给 新 交流 方式 与 机会,"Love,Hate",Joy,Love
858,所以 荣幸 地 被 评 上 今年 新浪 年度 文化 人物 沾 新浪 光 沾 网络 光,Joy,"Love,Joy",Love
859,这 年 让 我对 网络 新 感受 此 真诚 地 向 网友 们 致谢 ： 你们 每天 回帖 都 看 很多 时候 深受 感动 很多 时候 非常 快乐 谢谢你们,"Joy,Love","Love,Joy",Love
860,生活 一个 前所未有 网络 时代 这 代 幸运 ； 看见 历史 这 代 人 存续 时间 内 发生 巨变 非常 难得,"Love,Joy",Joy,Love
861,推动 历史 文明 进程 一百 人 东汉 蔡伦 原因 他 发明 纸张 使得 信息 浓缩 让 汗牛充栋 学富 五车 成为 历史 成为 成语 让 鸡毛信 变 得 有效 隐蔽 藏 羊 尾巴 下 羊 不知 敌人 也 不知,Love,Love,Love
862,今天 信息 浓缩 大大 超越 纸 发明 多少 信息 一个 Ｕ 盘 就 可以 带走 不怕 泄密 话 还 可以 网上 即 送 即 达,Love,"Love,Joy",Love
863,人类 信息 传递 空间 上 几乎 没有 再 能 挤压 空间 ； 想想 能 亲历 这 变化 就 会 激动 无比,Joy,Joy,Love
864,受惠 于 网络 受惠 于 新浪 受惠 于 网友 理应 感恩 而 昨晚 新浪 盛典 口号 就 ： 感恩 · 成就 · 梦想,"Love,Joy","Love,Joy",Love
865,火山 极端 地质 活动 对于 人类 十分 危险,Anxiety,Anxiety,unLove
866,过去 看见 火山 都 电视 上 也 知道 北海道 火山 有名 但 觉得 离 它 很 远 谁知 人生 天 让 离 北海道 火山 这么 近,"Love,Anxiety",Surprise,Love
867,下车 北海道 有珠 火山 还 冒 着 浓浓 白 烟 近在咫尺,Anxiety,Love,unLove
868,２０００年 ３月 北海道 休眠 ２３ 年 火山 又 爆发 高 达 １２０００ 米 喷 烟 顷刻 笼罩 着 洞爷湖 地区,Anxiety,,unLove
869,火山 科学馆 用 现代 技术 完整 地 记录 此次 火山 爆发 许多 灾 实物 也 搬进 科学馆 用 事实 说话,Anxiety,Love,Love
870,极度 弯曲 铁轨 让 人 惊叹 大自然 力量 被 火山 喷发 带 向 天空 石头 砸 损 路面 及 车辆 让 人 不寒而栗,"Anxiety,Surprise,Sorrow",Surprise,unLove
871,我是 以 观光者 身份 看待 火山 爆发 与 当时 面临 地质 灾难 人们 心境 着 天壤之别,"Anxiety,Sorrow","Love,Sorrow",unLove
872,电视片 纪录 当时 恐怖 画面 坐 演示厅 内 座椅 感受 震动 让 人 身临其境,Anxiety,,unLove
873,许多 财产 瞬间 化为灰烬 这次 爆发 距 上次 爆发 不过 区区 ２３ 年,Sorrow,Sorrow,unLove
874,周围 老百姓 依然 在平 和 地 生活 仿佛 什么 也 没有 发生 仿佛 灾难 去 不 会 复返,Love,Joy,unLove
875,可 科学 告诉 北海 道人 火山地震 用不 多久 还 会 再 来 其 喷发 程度 可能 轻 可能 更 重,Anxiety,Anxiety,unLove
876,北海 道人 不在乎 仍 充满 信心 地 欢乐 地 生活 着,Joy,Joy,Love
877,其实 北海 道人 这个 态度 就 人类 态度 自然 面前 永不 低头,Love,Love,Love
878,日本 长寿 国家 人均 寿命 全世界 数一数二 所以 老龄化 问题 突出,"Anxiety,Love",Love,Love
879,中国 人 天生 长寿 基因 这些年 公布 平均 寿命 标准 年年 提高 过 不 几 年 中国 也会 步入 老龄化 社会 理应 未雨 绸缪,"Anxiety,Love",Expect,Love
880,过去 也 敬老院 让 一些 晚景 孤独 老年人 敬老院 颐养天年 无奈 社会 条件 尚 不 成熟 加之 管理 经验 亦 不足 所以 传统 敬老院 问题 多 多 有些 地方 不尽人意,"Sorrow,Hate","Anxiety,Sorrow",unLove
881,人生 两极 —— 生 与 死 本质 上 差 不 多 越 临近 越 需要 有人 照顾 光 靠 不行,Sorrow,Expect,unLove
882,人 哺乳期 很 长 哺育 期 就 更 长 单独 获取 生存 能力 理论 上 需要 十八 年 法律 也 规定 至此 你 才 完全 行为 能力 ； 另 极 非常 微妙 过去 因为 穷 生活 艰苦 这 极 常 被 忽略 似乎 人生 都 戛然而止 一曲 乐章 可 今天 人类 已 充分 认知 知道 人生 总 走 尽头 就 象 支 蜡烛 尤其 风烛残年 阶段 生命 光芒 会 逐渐 减弱 终将 熄灭,Sorrow,Sorrow,unLove
883,这种 人生 弱势 最 需要 呵护,"Sorrow,Expect","Love,Expect",unLove
884,人 一旦 体会 人生 美好 就 会 恋恋不舍 就 会 对 死亡 畏惧,"Anxiety,Love",Love,unLove
885,天 连续 参观 家 日本 老人院 看到 那么 多 人 为 老人 默默 奉献 看到 那么 多 老人 幸福 灿烂 如 孩童 般的 笑容 深知 晚年 幸福 重要性 超过 童年 幸福 重要性 ； 人类 出现 这 星球 上 纯属 偶然 每 一个 人 出现 就 更加 偶然 那么 全 社会 都 理应 珍惜 人生 最后 一个 阶段,"Love,Expect","Love,Joy,Expect",Love
886,由于 这样 段 历史 函馆 保留 许多 殖民 色彩 遗址,Love,Love,unLove
887,这些 遗址 日本 人民 精心 保护 下 大部分 今天 还 可以 派 上 用场 比如 函馆 市 写真 历史 馆 上下 层 精心 布置 有关 摄影 传入 日本 展览 许多 物件 都 西风东渐 见证,Love,Love,Love
888,由于 相当 久远 照片 存世 让 可以 直观 地 看见 １５０ 年 前 甚至 更 长 时间 日本 以及 一部分 人 当时 生活,Love,Love,unLove
889,每个 函馆 来 人 一定 会 登 上 函馆 制高点 观看 传说中 百万 美金 夜景,Love,Love,Love
890,据说 函馆 每晚 耗电 就 需要 百万 美元 这本 正常 社会 支出 成本 可 精明 日本 人 发现了 它 附加 价值 于 宣传 函馆 夜景 价值 百万 美金,Love,Love,Love
891,一行 不 能 免 俗 也 朋友 们 安排 下去 欣赏 价值 百万 美金 夜景,Love,"Love,Expect",unLove
892,先是 排队 等 索道 上山 井然有序 随着 山势 增高 角度 变化 函馆 夜景 点 一点 地 清晰 起来,Love,Love,Love
893,全世界 大 城市 如 纽约 巴黎 伦敦 等 夜景 以 耗电量 比 均 要比 函馆 这个 小城 多 但 都 没有 函馆 得天独厚 地理 ； 函馆 海湾 受 地理 限制 所有 地方 都 派 上 用场 但 海上 没法 再 发展 所以 函馆 夜景 呈 ⅹ 型 灯光 熠熠 象 太 空中 一个 未知 领域,Love,Love,Love
894,山顶 上 冷 但 不 刺骨 风 也 时有时无 ； 大部分 人 都 摄影 留念,Love,Love,unLove
895,登高 观 景 者 大都 乐于 此事 这样 好景 对 一般 人 可能 一生 次 我也不 例外 只是 摄影 余 替 当代人 担 份 心 叹 口 气,"Anxiety,Joy",Love,Love
896,这 天 对于 绝大多数 人 来说 极其 寻常 天 可是 对于 刚刚 获得 金牌 刘 子歌 杜 丽 和 杨 威 来说 具有 历史性 意义 都 实现 人生 最 大 突破,"Joy,Love","Love,Joy",Love
897,刘 子歌 拿 中国 军团 水 立方 第一 块 游泳 金牌 她 面对 强劲 对手 雅典 奥运会 金牌 获得者 席 佩 尔 冲击 之下 后程 发 力 夺得 块 金牌 同时 也 以 ２ 分 ０４ 秒 １８ 成绩 原来 世界 纪录 提高 １ 秒 ２２,"Joy,Love",Joy,Love
898,正是 她 优秀 表现 让 中国 军团 今天 冲击 奥运 金牌 屡 奏 凯歌,"Love,Joy",Joy,Love
899,首日 夺金 失利 杜 丽 没有 因 此 放弃 兼项 —— 女子 ５０ 米 步枪 三 姿 赛 可是 杜 丽 还是 承受 着 巨大 压力 毅然 走 上 赛场,Love,"Love,Anxiety,Sorrow",Love
900,该 项目 并不 中国 射击 传统 强项 尽管 １９８４年 洛杉矶 奥运会 上 中国 选手 吴 小 旋 曾经 该 项目 上 勇夺 金牌 但 随后 ２０ 年 里 中国 选手 奥运 赛场 该 项目 表现 平平 三 次 止步 资格赛 仅仅 由 王 成 意在 雅典 赢得 过 枚 铜牌,"Anxiety,Sorrow,Joy","Love,Joy,Sorrow",unLove
901,最后 结果 振奋 人心 杜 丽 以 打破 奥运会 纪录 成绩 夺得 金牌 可以 说是 对 杜 丽 安慰 也 证明 杜 丽 强劲 实力,"Joy,Love","Love,Joy",Love
902,第三 块 金牌 则是 由 刚刚 获得 团体 金牌 杨 威 获得 个人 全能 金牌 他 也 因 此 实现 体操 金牌 大 满贯 对于 一个 运动员 来说 实现 大 满贯 多么 不 容易 一件事 可是 杨 威 高手 如云 竞争 还是 不负众望 用 上佳 表现 征服 现场 和 电视机 前 每 观众 同时 也 征服 现场 评委 们,"Joy,Love","Love,Joy",Love
903,让 为 刘 子歌 鼓掌 为 杜 丽 喝彩 为 杨 威 骄傲,"Love,Joy,Expect",Joy,Love
904,让 记住 今天 这个 日子 这 三 项目 赛前 都 夺金 实力 却 没有 绝对 把握 可是 运动员 们 还是 用 金牌 让 国旗 次 又 一次 主场 升起,"Love,Joy,Expect","Love,Joy",Love
905,她 他 们 都 好 样 这 天 属于 他们 也 属于 所有 关注 奥运 国人,"Love,Joy,Expect","Love,Joy",Love
906,希望 他们 今天 成绩 会 让 所有 参赛 中国 队员 们 受到 触动 能 各自 赛场 上 超常 发挥 夺取 更 多 金牌 奖牌,"Expect,Love","Joy,Expect",Love
907,让 期待 国歌 声 各 大 场馆 萦绕,"Expect,Love","Joy,Expect",Love
908,北海道 给 印象 大雪纷飞 人烟 罕见 总 想 赶在 冬季 去 北海道 看 雪 泡 温泉,"Expect,Love",Expect,Love
909,朋友 约 去 北海道 正巧 寒冬 时分 正中 意 于是 办 手续 挤出 时间 一同 前往,Joy,Expect,Love
910,但 临走 前 得到 一个 不幸 消息 说 今年 暖冬 北海道 居然 也 不 下雪 这 让我 扫兴 可行 程 已定 只好 硬着头皮 上路,"Sorrow,Surprise","Anxiety,Sorrow",unLove
911,从 北京 飞 札幌 ３ 半 小时 临 降落 时 从 舷窗 望 去 大地 山峦 宛如 幅 水墨 山水 大地 洁白 如 纸 层层叠叠 枯树枝 头 呈 棕 黑色 如 晕染 一般 煞 好看,Love,Love,Love
912,出 机场 时 小雪 开始 飘落 让 人心 头 喜 跟着 搭车 前往 北海道 著名 滑雪 休闲 村 留 寿 都 象 观光客 一样 住 进 原始 味道 小木屋,"Love,Joy","Love,Joy",Love
913,吃 完 晚饭 天色 已 黑 回屋 时 已 满天飞 雪 正如 燕山 雪花 大 如 席 ； 深 脚 浅 一脚 地 摸 回 木屋 室内 温暖 如 夏 以至 被迫 热风 一调 再 调 降 下 温度 方 能 入睡,Love,"Love,Joy",Love
914,早晨 我还 睡 已 听 同行 朋友 大声 惊叫 起身 推 窗 望 去 近 四十 年 未 见 雪景 让我 感到 上苍 恩赐,"Love,Surprise","Love,Joy",Love
915,雪 仍 努力 地下 着 除 十几 岁 东北 时 有此 记忆 再也 没 机会 亲历,Love,Love,unLove
916,北海道 还是 真 地道 名不虚传,Love,Love,Love
917,没 膝 深 雪中 行进 今天 城市 人 很 难 享受 大 城市 还 没 怎么 下雪 天气 预报 就 会 发出 各种 颜色 警报 虚张 声势,Hate,"Anxiety,Sorrow",unLove
918,自然 景观 中雪 最 富 诗意 诗人 就 赞美 过 它,Love,Love,Love
919,大雪 魅力 就 能 掩盖 世间 一切 不平 让 黑 变 白 让 白 更 白 但 前提 雪 不 能 污染 如 北海道 雪,Love,"Love,Expect",Love
920,柿子 过去 属于 便宜 水果 尤其 刚 下 来时 极 涩 买 回家要 放置 段 时间 或者 放 米缸 漤 只 去 其 涩味 柿子 才 可 入口,Hate,Love,Love
921,小时候 见好 吃 就 心急 等 柿子 米缸 漤 熟 也 差不多 快 吃 完 印象中 最 涩 柿子 让 人 咬 口 半天 张 不 开 嘴,"Love,Expect,Anxiety,Hate","Love,Expect",unLove
922,柿子 颜色 诱人 尤其 深秋 落叶 枝头 暖 红 点点 别 一番 风味,Love,Love,Love
923,我对 画家 于 非 闇 第一 认识 就 先生 画 丹 柿 画 上 题款 大致 秋天 去 老舍 家 见 丹 柿 满 树 有感 而 画 云云 那时 觉得 只 老舍 这样 大作家 家中 才 可能 柿子 树,Love,Love,Love
924,年轻 时 牙口 好 多 凉 牙 也 没 问题 今天 估计 咬 上 口 牙 酸疼 得 晕 过去,"Hate,Love","Anxiety,Sorrow",unLove
925,东北 冻 柿子 都 大自然 冻 成 不 用 冰箱 不 浪费 任何 能源,Love,Love,Love
926,东北 乡下 看见 白雪皑皑 中农 家小 院 窗台 上 一溜 红红的 冻 柿子 多 凉 心头 也 热,Love,"Love,Joy",Love
927,东北 冻 柿子 冻 得 如 石头 一般 放 屋里 一小时 有时 还 咬 不 动 为了 尽快 吃 上 得 用 凉水 拔 把 冻 柿子 放 入 凉水 几 分钟 柿子 上 形成 层 冰 壳 柿子 变 得 软硬 适中 非常 爽口 ； 如 心急 其 放入 热水 柿子 立马 如 烂泥 一般 没 风韵,"Love,Hate",Love,unLove
928,柿饼 则 属 干果 晾干 泛 着 层 白 霜 香甜 可口 文章 写 此 满 口 生津,"Love,Expect",Love,Love
929,仔细 一想 至今 十几 二十 年 没 吃 柿饼 其 好吃 印象 还 如此 强烈,Love,Love,Love
930,小时候 柿饼 并不 便宜 种 便宜 类似 干果 叫 黑枣 核 味道 与 柿饼 近 同 只 个儿 很 小 今天 难觅 其 踪 让 怅然 若失,Sorrow,Anxiety,unLove
931,全球 金融 危机 佳士得 香港 照例 秋 拍 拍卖行 和 收藏家 们 都 提 着 心,Anxiety,"Love,Joy",unLove
932,御用 粉红色 粉彩 轧 道 蝴蝶 瓶 港币 ５ ３３０万 落 槌 加 佣 金 名花 易主 再现 江湖 不知 我辈 还 机会 否,"Love,Expect",Joy,Love
933,这只 蝴蝶 瓶 第一 主人 爱新觉罗·弘历 乾隆 以 乾隆 审美 这只 瓶子 带 给 他 感官 理应 愉悦 ； 第二 主人 英国 人 亨利·布鲁尼姆·洛赫 爵士 大约在 １８６１年 此 瓶 带 回 英国 以 时间 推断 此 瓶 出于 圆明园 应 无 争议 ； 第三 主人 也 英国 人 叫阿尔弗雷得·莫里森 这 人 地道 财主 他 活 着 时候 英国 王室 以外 最 有钱 人 按 现行 说法 首富,"Love,Joy",Love,Love
934,１８５７年 他 手中 股票 价值 ７５万 英磅 搁 今天 怎么 也 得 值 ７５亿,Love,Love,Love
935,就 这 大 财主 生来 就 花 不 尽 钱 加之 又 酷爱 中国 艺术 就 一个 劲儿 地 买 买 买 有意无意之间将此瓶 收入 囊中 ； 第四 主人 苏州 人 戴 福 保 张 萍 英 夫妇 １９７１年 以 ４０００ 美元 从前 主人 莫 里 森 遗产 购得 此 瓶 藏 就 ３７ 年,Love,Love,Love
936,这 件 清晰 可见 收藏 历史 花瓶 这段 历史 见证 二百 多 年 以来 世界 格局 变化 证物 不言 却 真实 凄婉 地 诉说 着 历史 让 人 心痛,Sorrow,"Love,Sorrow",Love
937,庆幸 今天 还 得 看 得 见 它 离 它 还 可以 这样 近 每 想到 这里 我还会 怦然心动,"Love,Joy","Love,Joy",Love
938,美 创造 多 为 偶然,Love,Anxiety,unLove
939,强大 文化 背景 下 产生 美 具体 仅 种 追求,"Expect,Love","Love,Expect",Love
940,追求 当中 具象 扑朔迷离 倏然 变成 只 蝴蝶 瓶 不过 文人 与 工匠 灵感 爆发 而已,"Expect,Love,Anxiety","Love,Joy",Love
941,这只 身世 不凡 又 创造 奇迹 蝴蝶 瓶 告诉 这样 条 朴素 道理 ： 帝王 也好 首富 也好 收藏家 也好 全都 不 敌 只 落地 即 碎 生命,"Love,Sorrow","Love,Sorrow",Love
942,鼓浪屿 巧遇 台湾 南管 名家 陈 美 娥 女士 去年 中秋 她 率 团 故宫 演了 场 韩 熙载 夜宴 图 今年 中秋 只演 场 洛神赋 让 这种 奢侈 音乐 歌舞 不 声张 地 故宫 演出 汉唐 乐府 初衷,"Love,Joy","Love,Joy",Love
943,听 朋友 说 演出 惊艳 无比 不 亲临 现场 无法 体会 高古 乐舞 魅力,Love,"Love,Joy",Love
944,可惜 未能 看 上演 出 陈 美 娥 听说 我去 香港 马上 邀请 我看 她 香港 为 朋友 们 安排 专场 艳歌 行 形式 象 京剧 折子戏 窥 一斑 亦可 见 全 豹,"Love,Sorrow",Love,Love
945,演出 开始 时 没有 多余 音乐 与 动作 乐师 五 人 分 两边 轻手轻脚 席地 跏趺 坐 全 古老 乐器 琵琶 胡琴 笙 箫 鼓 等 音乐 悠扬 让 思绪 一下子 就 汉朝 边关 ； 舞者 服饰 讲究 化妆 到位 与 汉俑 神态 几乎 无异,Love,Love,Love
946,这 让 深感 表演者 所 付出 努力 非 一朝 一夕,Love,"Love,Joy",Love
947,让 这么 具象 表演 眼前 栩栩如生 后来人 福气,Love,"Love,Joy",Love
948,簪花 汇 深闺 春 锁 舒缓 音乐 配着 舒缓 舞蹈 错 以为 歌舞 就 这样 没有 间歇 没有 张驰 而 艳歌 行 与 簪花 汇 还有 相思 吟 迟滞 让 来得及 慢慢 品味 看 得 明白 舞者 最 细小 动作 听 得 清楚 乐者 最 微小 声音,Love,Love,Love
949,唐明皇 酷爱 九代 遗 音 清乐 并 亲自 教习 乐 伎 创办 梨园 教 坊,Love,Love,Love
950,其 当年 盛景 只可 猜想 无缘 亲临,"Love,Sorrow",Sorrow,unLove
951,一直 以为 中国 真正 古典 音乐 歌舞 已 成 文物 谁知 陈 美 娥 女史 用 ２５ 年 时间 努力 让 其 生动 起来 使 欣赏 之际 忘记 身 香港 中环 大厦 ４９ 层 楼 上,Love,Love,Love
952,紫禁城 出版社 故宫 东墙 内 一溜 几 排 小房 紧贴 高大 灰 砖墙 每 排 小房 都 形成 一个 小小的 院落 房 小院 小 宫廷 砖墙 底 宽 上 窄 略 显 倾斜 高耸 如 山 透 着 股 威严,Love,Love,Love
953,中间 只留下 窄窄 一个 夹道 人 如 骑车 对面 而行 必须 小心翼翼 否则 碰撞 虞,Anxiety,Anxiety,unLove
954,每次 去 出版社 都 会 先 屋 外面 站 一会儿 欣赏 这 喧嚣 城市 难 见 景 享受 着 不必 花费 快乐,"Love,Joy","Love,Joy",Love
955,人间 美景 活动 起来 煞 好看 无需 导演 天天 自由 发生 天 幕 又 重复 又不是 重复 在这 重复 六百 年 来 上演 多少 人间 悲喜剧,Love,Love,Love
956,我只 一个 过客 能 看 能 听 能 想 感官 健全 心境 放松 套用 宋 人 赵 希 鹄 话 ： 所谓 受用 清福 孰 逾 此 者 乎,"Joy,Love","Love,Joy",Love
957,降低 要求 快乐 则 至 烦恼 都 由于 要求 过 高,Joy,Anxiety,unLove
958,紫禁城 未必 太和殿 宝座 上 人 最 幸福 夹道 旁边 下人 一生 没 见 过 皇帝 也 未必 就 不幸福 起码 没有 伴君如伴虎　 担心,Love,Love,Love
959,夹道 窄 必定 皇帝 不 走 大官 也 不 走 小民 走走 最 多 就 磕碰 连 皮肉 都 不会 伤,Love,Love,unLove
960,境地 决定 追求 追求 决定 快乐,Joy,Expect,unLove
961,故宫 随便 处 都 美景 夹道 尽头 可以 瞥见 半 角楼 走 时 冬日 余晖 尽 照 角楼 上 视觉 上 留 一丝 暖意 ； 红墙 处在 阴影 多 份 凝重 ； 灰 砖 小房 不言不语 恰如其分 地 表明 地位 ； 夹道 则 三者 沟通 无论 身份 高低 都 世事 沧桑 见证,"Love,Sorrow","Love,Sorrow",Love
962,小时候 极 喜欢 吃 葡萄干,Love,Love,Love
963,那时 买 葡萄干 图 便宜 有的 十分 牙碜 嚼 得 满 口 喀 喀 作响 实在 难以 下咽 时 就 先 用水 洗洗 洗 出 碗 底细 沙 常 事 不足为奇,Hate,Love,unLove
964,去 新疆 前 打算 把 葡萄干 吃 够,"Expect,Love",Expect,Love
965,鲜 葡萄 与 葡萄干 在我 看来 不 一类 水果 没有 替代 可能 我去 新疆 那年 鲜 葡萄 三 分钱 公斤 今天 说 起来 天方夜谭,"Love,Surprise",Love,Love
966,可 葡萄干 就 贵 多 原因 葡萄干 耐 储存 便于 运输 但 我仍 愿意 童年 时 心愿 吃 够 葡萄干,"Love,Expect,Hate","Love,Expect",Love
967,内地人 吃 葡萄 葡萄干 一定 想去 吐鲁番 那 首 歌 吐鲁番 葡萄 熟 太 名,"Love,Expect",Love,Love
968,我去 吐鲁番 路上 一路 哼 着 此曲 象 丢 转的 留声机 就 那么 句 翻来覆去 可能 把 旁边 人 都 听 恶心,Joy,Hate,unLove
969,做 葡萄干 葡萄 天生 粒 小 无核 皮厚 长 出来 就 不 适合 生 吃 非得 加工 成 干 才 能 风靡 大江南北 铸成 口碑,Love,Love,Love
970,给 良好 印象 葡萄干 原生态 并不 诱人,"Love,Sorrow",Love,unLove
971,那 专门 为 此 盖 小房 四处 透风 工人 一串串 葡萄 密密麻麻 地 挂 上面 让 人 看着 十分 悬 生怕 转瞬 塌 落地 上,Anxiety,Love,unLove
972,新疆 干燥 风钻 进来 慢慢 地 葡萄 水份 抽 走 留下 糖 份 美丽 饱满 青 葡萄 在这里 一天天 地 干瘪 发 皱 变 得 甘甜 与 人生 一样,Love,"Love,Joy",Love
973,青春期 家长 最 头疼 问题,Anxiety,Anxiety,unLove
974,按照 教育 专家 说法 青春期 少年 转 向 成年 逆反 时期 一天到晚 成心 与 大人 作对 家长 指 东 他 就 向西 叫 他 轰 狗 他 就 抓 鸡 反正 心里 不 舒服 也 不 能 让 爸 妈 舒服,Hate,Joy,unLove
975,理论 上 此时 动物 父母 赶 子 女 离开 独立 生活 ； 可 人类 不行 情感 因素 再者 社会 复杂 孩子 一般 尚无 判断 能力 生存 质量 会 急剧 下降 所以 父母 担心 非 主动 承担 本来 不 一定 能 胜任 教育 重任,Anxiety,"Anxiety,Sorrow",unLove
976,于是 问题 出现 孩子 自觉 已经 长大 已能 对付 这个 看似 简单 社会 ； 可 父母 永远 觉得 孩子 没 长大 不 相信 孩子 独立 判断,Anxiety,Anxiety,unLove
977,这里 还 包含 一个 难以启齿 荷尔蒙 问题 孩子 体内 荷尔蒙 聚集 开始 让 他们 不 服气 父母 面前 证实 能力,"Anxiety,Hate",Anxiety,unLove
978,青春期 男 女孩 表现 不一 家长 担心 也 不一,Anxiety,Anxiety,unLove
979,家里 如 一个 青春期 问题 孩子 家庭 气氛 立刻 变 得 紧张 有时候 还 弥漫 着 股 虚假 气,"Anxiety,Hate","Anxiety,Hate",unLove
980,这 代 人 由于 生活 异常 艰苦 青春期 来不及 与 家长 作对 就 让 社会 折腾 得 七 荤 八 素 荷尔蒙 攒 起来 火气 大千世界 也 显 不 出道 来 故 当时 社会 问题 没 今天 严重,"Hate,Sorrow","Anxiety,Sorrow",unLove
981,今天 问题 青春期 孩子 一个 概念 叫 让 青春 作主 作 不 也得 做出 作 样子 让 大人 看着 可笑,Hate,"Hate,Anger",unLove
982,青春期 膨胀 时 气球 家长 应 膨胀 前 上面 扎 小洞 让 他们 没 机会 过度 膨胀,"Anxiety,Expect,Hate",Expect,Love
983,地球 淡水 资源 有限 中国 就 更 稀缺,Anxiety,Love,unLove
984,年轻 时候 走 哪儿 还 常见 河流 湖泊 干干净净 觉得 水 本 应 该 如 此,Love,Love,Love
985,大约 九十 年代 开始 污染 河流 骤增 尤其 南方 一些 发达 地区 水面 漂浮 着 令 人 恶心 污物 有时候 连 看 一眼 都 难受 半天,Hate,"Anxiety,Hate",unLove
986,中国 人 不 关心 环境 卫生 由来 已久 幸亏 早年 自然界 尚有 消纳 能力 多数 废物 被 化解 也 就 没 引起 社会 关注 ； 可 进入 经济 高速 发展 时期 弊端 立刻 显现 令 人 措手不及,Hate,Anxiety,unLove
987,前 天 去 杭州 开会 主办方 安排 浏览 一下 西溪 湿地 杭州 三西 西湖 久负盛名 西泠 紧随 其 西溪 像 不 招 家长 待 见 老三 没 人 提及 任 其 放任自流 以致 外界 几乎 没 人 知道 它,"Hate,Love",Love,unLove
988,这些年 人们 忽然 意识 水 重要性 尤其 居住 环境 水 为 王 西溪 顿时 就 成 香饽饽 政府 投下 巨资 搬迁 一些 有碍 观瞻 房屋 保留 有价值 一部分 建筑 西溪 改变 成 座 国家 湿地 公园,"Love,Hate",Love,Love
989,杭州 得天独厚 这样 大 片 湿地 离 西湖 不足 ５ 公里 仅 ２０ 分钟 车程 入 其 境 喧嚣 远离 芦苇 荷 莲 游鱼 水鸟 野趣 横生 让 人 心静,Love,"Love,Joy",Love
990,可以 看出 设计者 极力 保存 湿地 原貌 部分 新景观 也 尽可能 与 环境 融为一体,Love,Love,Love
991,坐 游船 上 水面 微风 有些 凉 但 我心 有些 暖,Love,"Love,Joy",Love
992,人 很 世俗 居住 环境 摆脱 不 由 乡村 向 城市 靠拢 模式,Hate,Joy,unLove
993,人 喜欢 群居 以 获得 生存 乐趣 降低 生存 风险,Love,Love,unLove
994,择 水 而 居 本 生存 第一 法则 早期 人类 可能 以为 水 来得 容易 就 不 太 珍惜 直到 危险 迫近 才 追悔 不 迭,"Sorrow,Hate","Love,Expect",Love
995,看着 西溪 湿地 被 秋风 吹 向 一侧 成片 芦花 忽然 意识 失去 水份 芦苇 也 会 白 头,Anxiety,Sorrow,unLove
996,昨天 下午 杭州 地铁 工程 突发 事故 大面积 塌陷 达 ４０００㎡ 最 深处 １５ 米 目前 证实 死亡 ３ 人 失踪 １８ 人 以 常识 论 失踪者 凶多 吉少,"Anxiety,Sorrow",Anxiety,unLove
997,现代 社会 发生 各类 突发 大型 事故 概率 非常 大 大家 熟知 首 推 地震 火灾 还有 各类 爆炸 矿 难 等等 一旦 事故 发生 各个 地方 都 应急 系统 实行 救援 体现 人道主义 精神,"Love,Anxiety","Love,Joy",Love
998,近些年 最为 让 世人 关注 人为 突发 悲剧 无疑 ９．１１ 事件 数千 名 无辜者 死于非命 纽约 市长 朱 立 安 尼 最 大 限度 施救 使 获得 当年 美国 乃至 世界 舆论 好评,"Sorrow,Love","Love,Sorrow",Love
999,由于 政府 开始 实行 领导 问 责 制 一旦 事故 突发 第一把手 一定 赶到 现场 亲自 指挥 所有 新闻 报道 因此 趋向 一致 让 人 很 难 读 出 新意,Hate,"Love,Expect",unLove
1000,仔细 分析 一下 指挥 技术活 靠 热情 感情 不 能 胜任 靠 权力 就 更 不 能 胜任,Hate,Expect,unLove
